2023-07-19,1430001,0,7
2023-07-20,1430001,0,7
2023-07-21,1430001,9.2,7
2023-07-22,1430001,1.2,7
2023-07-23,1430001,0,7
2023-07-24,1430001,0,7
2023-07-25,1430001,0,7
2023-07-26,1430001,0,7
2023-07-27,1430001,7,7
2023-07-28,1430001,1.2,7
2023-07-29,1430001,0,7
2023-07-30,1430001,0,7
2023-07-31,1430001,0,7
2023-08-01,1430001,0,7
2023-08-02,1430001,20.8,7
2023-08-03,1430001,50.8,7
2023-08-04,1430001,20.4,7
2023-08-05,1430001,1,7
2023-08-06,1430001,1,7
2023-08-07,1430001,0.6,7
2023-08-08,1430001,2.4,7
2023-08-09,1430001,0,7
2023-08-10,1430001,3.8,7
2023-08-11,1430001,21.4,7
2023-08-12,1430001,7,7
2023-08-13,1430001,0,7
2023-08-14,1430001,0,7
2023-08-15,1430001,0,7
2023-08-16,1430001,0,7
2023-08-17,1430001,0,7
2023-08-18,1430001,0,7
2023-08-19,1430001,0,7
2023-08-20,1430001,0,7
2023-08-21,1430001,0,7
2023-08-22,1430001,0,7
2023-08-23,1430001,0,7
2023-08-24,1430001,0,7
2023-08-25,1430001,0,7
2023-08-26,1430001,0,7
2023-08-27,1430001,0,7
2023-08-28,1430001,0,7
2023-08-29,1430001,105.2,7
2023-08-30,1430001,1.4,7
2023-08-31,1430001,1,7
2023-09-01,1430001,0,7
2023-09-02,1430001,0,7
2023-09-03,1430001,0,7
2023-09-04,1430001,0,7
2023-09-05,1430001,0,7
2023-09-06,1430001,0,7
2023-09-07,1430001,0,7
2023-09-08,1430001,0,7
2023-09-09,1430001,0,7
2023-09-10,1430001,0,7
2023-09-11,1430001,0,7
2023-09-12,1430001,0,7
2023-09-13,1430001,2.8,7
2023-09-14,1430001,17.8,7
2023-09-15,1430001,28,7
2023-09-16,1430001,0,7
2023-09-17,1430001,0,7
2023-09-18,1430001,0,7
2023-09-19,1430001,0,7
2023-09-20,1430001,0,7
2023-09-21,1430001,0,7
2023-09-22,1430001,0,7
2023-09-23,1430001,0,7
2023-09-24,1430001,0,7
2023-09-25,1430001,0,7
2023-09-26,1430001,0,7
2023-09-27,1430001,0,7
2023-09-28,1430001,0,7
2023-09-29,1430001,0,7
2023-09-30,1430001,0,7
2023-10-01,1430001,0,7
2023-10-02,1430001,0,7
2023-10-03,1430001,21.4,7
2023-10-04,1430001,51.6,7
2023-10-05,1430001,0,7
2023-10-06,1430001,0,7
2023-10-07,1430001,0,7
2023-10-08,1430001,0,7
2023-10-09,1430001,0,7
2023-10-10,1430001,0,7
2023-10-11,1430001,0,7
2023-10-12,1430001,0,7
2023-10-13,1430001,0,7
2023-10-14,1430001,0,7
2023-10-15,1430001,0,7
2023-10-16,1430001,0,7
2023-10-17,1430001,0,7
2023-10-21,1430001,0,7
2023-10-22,1430001,0,7
2023-10-23,1430001,0,7
2023-10-24,1430001,0,7
2023-10-25,1430001,0,7
2023-10-26,1430001,0,7
2023-10-27,1430001,0,7
2023-10-28,1430001,0,7
2023-10-29,1430001,0,7
2023-10-30,1430001,0,7
2023-10-31,1430001,54.4,7
2023-11-01,1430001,12.4,7
2023-11-02,1430001,1.8,7
2023-11-03,1430001,3.2,7
2023-11-04,1430001,0,7
2023-11-05,1430001,0,7
2023-11-06,1430001,0,7
2023-11-07,1430001,0,7
2023-11-08,1430001,0,7
2023-11-09,1430001,1.6,7
2023-11-10,1430001,58,7
2023-11-11,1430001,32.8,7
2023-11-12,1430001,5.8,7
2023-11-13,1430001,0.2,7
2023-11-14,1430001,1,7
2023-11-15,1430001,0,7
2023-11-16,1430001,25.2,7
2023-11-17,1430001,0.2,7
2023-11-18,1430001,0,7
2023-11-19,1430001,0,7
2023-11-20,1430001,3.4,7
2023-11-21,1430001,0,7
2023-11-22,1430001,8.8,7
2023-11-23,1430001,0,7
2023-11-24,1430001,0.6,7
2023-11-25,1430001,0,7
2023-11-26,1430001,0,7
2023-11-27,1430001,0,7
2023-11-28,1430001,0,7
2023-11-29,1430001,45.6,7
2023-11-30,1430001,0,7
2023-12-01,1430001,58.4,7
2023-12-02,1430001,24.6,7
2023-12-03,1430001,0.2,7
2023-12-04,1430001,0,7
2023-12-05,1430001,0,7
2023-12-06,1430001,0,7
2023-12-07,1430001,0,7
2023-12-08,1430001,0,7
2023-12-09,1430001,0,7
2023-12-10,1430001,0,7
2023-12-11,1430001,0,7
2023-12-12,1430001,0.6,7
2023-12-13,1430001,0,7
2023-12-14,1430001,0.6,7
2023-12-15,1430001,0.2,7
2023-12-16,1430001,28.6,7
2023-12-17,1430001,0.4,7
2023-12-18,1430001,28.6,7
2023-12-19,1430001,30,7
2023-12-20,1430001,3.2,7
2023-12-21,1430001,2.6,7
2023-12-22,1430001,0,7
2023-12-23,1430001,44.4,7
2023-12-24,1430001,14.8,7
2023-12-25,1430001,11.4,7
2023-12-26,1430001,1.2,7
2023-12-27,1430001,7.6,7
2023-12-28,1430001,47.4,7
2023-12-29,1430001,36.8,7
2023-12-30,1430001,33.2,7
2023-12-31,1430001,15.2,7
2024-01-01,1430001,55.6,7
2024-01-02,1430001,0,7
2024-01-03,1430001,0,7
2024-01-04,1430001,56.4,7
2024-01-05,1430001,0.2,7
2024-01-06,1430001,0,7
2024-01-07,1430001,0.4,7
2024-01-08,1430001,114,7
2024-01-09,1430001,9.8,7
2024-01-10,1430001,6.4,7
2024-01-11,1430001,22.6,7
2024-01-12,1430001,24.4,7
2024-01-13,1430001,39.4,7
2024-01-14,1430001,46,7
2024-01-15,1430001,35.4,7
2024-01-16,1430001,9.6,7
2024-01-17,1430001,43.4,7
2024-01-18,1430001,31.8,7
2024-01-19,1430001,43.2,7
2024-01-20,1430001,19.8,7
2024-01-21,1430001,85.6,7
2024-01-22,1430001,12,7
2024-01-23,1430001,0.4,7
2024-01-24,1430001,96.8,7
2024-01-25,1430001,34.6,7
2024-01-26,1430001,10,7
2024-01-27,1430001,0.2,7
2024-01-28,1430001,0,7
2024-01-29,1430001,0,7
2024-01-30,1430001,0.2,7
2024-01-31,1430001,0,7
2024-02-01,1430001,0.6,7
2024-02-02,1430001,60.2,7
2024-02-03,1430001,1.2,7
2024-02-04,1430001,0.2,7
2024-02-05,1430001,0.2,7
2024-02-06,1430001,0,7
2024-02-07,1430001,1.8,7
2024-02-08,1430001,0,7
2024-02-09,1430001,1,7
2024-02-10,1430001,0,7
2024-02-11,1430001,0,7
2024-02-12,1430001,52.2,7
2024-02-13,1430001,60.2,7
2024-02-14,1430001,25,7
2024-02-15,1430001,0,7
2024-02-16,1430001,0,7
2024-02-17,1430001,0,7
2024-02-18,1430001,24.6,7
2024-02-19,1430001,0,7
2024-02-20,1430001,19.2,7
2024-02-21,1430001,16.4,7
2024-02-22,1430001,0,7
2024-02-23,1430001,0,7
2024-02-24,1430001,26.6,7
2024-02-25,1430001,38.4,7
2024-02-26,1430001,33.4,7
2024-02-27,1430001,110.4,7
2024-02-28,1430001,41,7
2024-02-29,1430001,88,7
2024-03-01,1430001,2.2,7
2024-03-02,1430001,17.6,7
2024-03-03,1430001,29,7
2024-03-04,1430001,54.4,7
2024-03-05,1430001,24.6,7
2024-03-06,1430001,0.6,7
2024-03-07,1430001,25,7
2024-03-08,1430001,10,7
2024-03-09,1430001,0.6,7
2024-03-10,1430001,0,7
2024-03-11,1430001,3.2,7
2024-03-12,1430001,0,7
2024-03-13,1430001,45.6,7
2024-03-14,1430001,0,7
2024-03-15,1430001,7.8,7
2024-03-16,1430001,22.8,7
2024-03-17,1430001,0,7
2024-03-18,1430001,8.4,7
2024-03-19,1430001,0,7
2024-03-20,1430001,0,7
2024-03-21,1430001,10.2,7
2024-03-22,1430001,11,7
2024-03-23,1430001,3,7
2024-03-24,1430001,0.4,7
2024-03-25,1430001,12.6,7
2024-03-26,1430001,26.4,7
2024-03-27,1430001,24.2,7
2024-03-28,1430001,30.4,7
2024-03-29,1430001,37,7
2024-03-30,1430001,1.2,7
2024-03-31,1430001,22.2,7
2024-04-01,1430001,27.6,7
2024-04-02,1430001,5.8,7
2024-04-03,1430001,14.8,7
2024-04-04,1430001,33.4,7
2024-04-05,1430001,0.2,7
2024-04-06,1430001,0,7
2024-04-07,1430001,53.8,7
2024-04-08,1430001,16.6,7
2024-04-09,1430001,0.2,7
2024-04-10,1430001,0,7
2024-04-11,1430001,0,7
2024-04-12,1430001,76.4,7
2024-04-13,1430001,35.4,7
2024-04-14,1430001,11.2,7
2024-04-15,1430001,7.4,7
2024-04-16,1430001,7,7
2024-04-17,1430001,7.8,7
2024-04-18,1430001,18.6,7
2024-04-19,1430001,1.2,7
2024-04-20,1430001,72.6,7
2024-04-21,1430001,2.6,7
2024-04-22,1430001,0,7
2024-04-23,1430001,0,7
2024-04-24,1430001,0,7
2024-04-25,1430001,0,7
2024-04-26,1430001,0,7
2024-04-27,1430001,0,7
2024-04-28,1430001,17.6,7
2024-04-29,1430001,35.2,7
2024-04-30,1430001,6.4,7
2024-05-01,1430001,0.4,7
2024-05-02,1430001,0,7
2024-05-03,1430001,0,7
2024-05-04,1430001,0,7
2024-05-05,1430001,0.4,7
2024-05-06,1430001,1.2,7
2024-05-07,1430001,0,7
2024-05-08,1430001,0,7
2024-05-09,1430001,0,7
2024-05-10,1430001,0,7
2024-05-11,1430001,0,7
2024-05-12,1430001,0,7
2024-05-13,1430001,0,7
2024-05-14,1430001,0,7
2024-05-15,1430001,0,7
2024-05-16,1430001,27.6,7
2024-05-17,1430001,14.2,7
2024-05-18,1430001,5,7
2024-05-19,1430001,20,7
2024-05-20,1430001,14.8,7
2024-05-21,1430001,4.4,7
2024-05-22,1430001,0.2,7
2024-05-23,1430001,0,7
2024-05-24,1430001,4.2,7
2024-05-25,1430001,0.2,7
2024-05-26,1430001,5.4,7
2024-05-27,1430001,0,7
2024-05-28,1430001,0,7
2024-05-29,1430001,0.2,7
2024-05-30,1430001,0,7
2024-05-31,1430001,0,7
2024-06-01,1430001,0,7
2024-06-02,1430001,0,7
2024-06-03,1430001,0,7
2024-06-04,1430001,0,7
2024-06-05,1430001,0,7
2024-06-06,1430001,0,7
2024-06-07,1430001,0,7
2024-06-08,1430001,0,7
2024-06-09,1430001,46.8,7
2024-06-10,1430001,135.2,7
2024-06-11,1430001,12.8,7
2024-06-12,1430001,21.8,7
2024-06-13,1430001,8.6,7
2024-06-14,1430001,0,7
2024-06-15,1430001,0,7
2024-06-16,1430001,0.2,7
2024-06-17,1430001,14.2,7
2024-06-18,1430001,0,7
2024-06-19,1430001,0,7
2024-06-20,1430001,0,7
2024-06-21,1430001,0,7
2024-06-22,1430001,0,7
2024-06-23,1430001,0,7
2024-06-24,1430001,8.8,7
2024-06-25,1430001,0.4,7
2024-06-26,1430001,25,7
2024-06-27,1430001,8.2,7
2024-06-28,1430001,0.6,7
2024-06-29,1430001,4.2,7
2024-06-30,1430001,0.6,7
2024-07-01,1430001,0,7
2024-07-02,1430001,0,7
2024-07-03,1430001,0,7
2024-07-04,1430001,0,7
2024-07-05,1430001,0,7
2024-07-06,1430001,0,7
2024-07-07,1430001,0,7
2024-07-08,1430001,0,7
2024-07-09,1430001,0,7
2024-07-10,1430001,0,7
2024-07-11,1430001,0,7
2024-07-12,1430001,0,7
2024-07-13,1430001,0,7
2024-07-14,1430001,0,7
2024-07-15,1430001,0,7
2024-07-16,1430001,0,7
2024-07-17,1430001,0,7
2024-07-18,1430001,0,7
2024-07-19,1430001,0,7
2024-07-20,1430001,0,7
2024-07-21,1430001,0,7
2024-07-22,1430001,0,7
2024-07-23,1430001,0,7
2024-07-24,1430001,0,7
2024-07-25,1430001,0,7
2024-07-26,1430001,0,7
2024-07-27,1430001,0,7
2024-07-28,1430001,0,7
2024-07-29,1430001,0,7
2024-07-30,1430001,0,7
2024-07-31,1430001,0,7
2024-08-01,1430001,0,7
2024-08-02,1430001,0,7
2024-08-03,1430001,0,7
2024-08-04,1430001,0,7
2024-08-05,1430001,0,7
2024-08-06,1430001,0,7
2024-08-07,1430001,0,7
2024-08-08,1430001,0,7
2024-08-09,1430001,0,7
2024-08-10,1430001,0,7
2024-08-11,1430001,0,7
2024-08-12,1430001,0,7
2024-08-13,1430001,0,7
2024-08-14,1430001,0,7
2024-08-15,1430001,0,7
2024-08-16,1430001,0,7
2024-08-17,1430001,0,7
2024-08-18,1430001,0,7
2024-08-19,1430001,0,7
2024-08-20,1430001,0,7
2024-08-21,1430001,0,7
2024-08-22,1430001,0,7
2024-08-23,1430001,0,7
2024-08-24,1430001,2.6,7
2024-08-25,1430001,7.2,7
2024-08-26,1430001,0.2,7
2024-08-27,1430001,0,7
2024-08-28,1430001,0,7
2024-08-29,1430001,0,7
2024-08-30,1430001,0.2,7
2024-08-31,1430001,0.4,7
2024-09-01,1430001,77.2,7
2024-09-02,1430001,49.4,7
2024-09-03,1430001,2.8,7
2024-09-04,1430001,0,7
2024-09-05,1430001,1.6,7
2024-09-06,1430001,0,7
2024-09-07,1430001,0,7
2024-09-08,1430001,0,7
2024-09-09,1430001,0,7
2024-09-10,1430001,0,7
2024-09-11,1430001,0,7
2024-09-12,1430001,0,7
2024-09-13,1430001,0,7
2024-09-14,1430001,0,7
2024-09-15,1430001,0,7
2024-09-16,1430001,0,7
2024-09-17,1430001,0,7
2024-09-18,1430001,0,7
2024-09-19,1430001,0,7
2024-09-20,1430001,0,7
2024-09-21,1430001,0,7
2024-09-22,1430001,0,7
2024-09-23,1430001,14.4,7
2024-09-24,1430001,59.8,7
2024-09-25,1430001,5.8,7
2024-09-26,1430001,0,7
2024-09-27,1430001,0,7
2024-09-28,1430001,0,7
2024-09-29,1430001,0,7
2024-09-30,1430001,0,7
2024-10-01,1430001,0,7
2024-10-02,1430001,1.8,7
2024-10-03,1430001,76,7
2024-10-04,1430001,111.2,7
2024-10-05,1430001,40.2,7
2024-10-06,1430001,12.8,7
2024-10-07,1430001,0.2,7
2024-10-08,1430001,0,7
2024-10-09,1430001,0,7
2024-10-10,1430001,0,7
2024-10-11,1430001,0,7
2024-10-12,1430001,0,7
2024-10-13,1430001,0,7
2024-10-14,1430001,0,7
2024-10-15,1430001,0,7
2024-10-16,1430001,85.2,7
2024-10-17,1430001,22.6,7
2024-10-18,1430001,1.4,7
2024-10-19,1430001,0,7
2024-10-20,1430001,0,7
2024-10-21,1430001,0,7
2024-10-22,1430001,5.8,7
2024-10-23,1430001,0.2,7
2024-10-24,1430001,0,7
2024-10-25,1430001,0,7
2024-10-26,1430001,0,7
2024-10-27,1430001,0,7
2024-10-28,1430001,0,7
2024-10-29,1430001,0,7
2024-10-30,1430001,0,7
2024-10-31,1430001,0,7
2024-11-01,1430001,61.2,7
2024-11-02,1430001,74.4,7
2024-11-03,1430001,0.8,7
2024-11-04,1430001,0,7
2024-11-05,1430001,0,7
2024-11-06,1430001,0,7
2024-11-07,1430001,5.4,7
2024-11-08,1430001,18.2,7
2024-11-09,1430001,2.2,7
2024-11-10,1430001,0,7
2024-11-11,1430001,0,7
2024-11-12,1430001,0,7
2024-11-13,1430001,15.4,7
2024-11-14,1430001,15.8,7
2024-11-15,1430001,29.4,7
2024-11-16,1430001,47.2,7
2024-11-17,1430001,0.2,7
2024-11-18,1430001,3,7
2024-11-19,1430001,23,7
2024-11-20,1430001,12,7
2024-11-21,1430001,23.6,7
2024-11-22,1430001,0,7
2024-11-23,1430001,0,7
2024-11-24,1430001,0,7
2024-11-25,1430001,8.4,7
2024-11-26,1430001,12,7
2024-11-27,1430001,0,7
2024-11-28,1430001,0,7
2024-11-29,1430001,1.6,7
2024-11-30,1430001,77.4,7
2024-12-01,1430001,0.4,7
2024-12-02,1430001,0,7
2024-12-03,1430001,0,7
2024-12-04,1430001,0,7
2024-12-05,1430001,0,7
2024-12-06,1430001,0,7
2024-12-07,1430001,10.6,7
2024-12-08,1430001,0,7
2024-12-09,1430001,12.6,7
2024-12-10,1430001,0,7
2024-12-11,1430001,0,7
2024-12-12,1430001,15.6,7
2024-12-13,1430001,0,7
2024-12-14,1430001,0,7
2024-12-15,1430001,0,7
2024-12-16,1430001,2.6,7
2024-12-17,1430001,10.2,7
2024-12-18,1430001,2,7
2024-12-19,1430001,0,7
2024-12-20,1430001,0,7
2024-12-21,1430001,0,7
2024-12-22,1430001,0.2,7
2024-12-23,1430001,0,7
2024-12-24,1430001,0,7
2024-12-25,1430001,3.2,7
2024-12-26,1430001,0,7
2024-12-27,1430001,10.8,7
2024-12-28,1430001,2.2,7
2024-12-29,1430001,0,7
2024-12-30,1430001,34,7
2024-12-31,1430001,0,7
2025-01-01,1430001,30,7
2025-01-02,1430001,0,7
2025-01-03,1430001,33.4,7
2025-01-04,1430001,9.8,7
2025-01-05,1430001,1.6,7
2025-01-06,1430001,2,7
2025-01-07,1430001,8.4,7
2025-01-08,1430001,0.6,7
2025-01-09,1430001,19.6,7
2025-01-10,1430001,9.4,7
2025-01-11,1430001,4.6,7
2025-01-12,1430001,0,7
2025-01-13,1430001,0,7
2025-01-14,1430001,0,7
2025-01-15,1430001,0,7
2025-01-16,1430001,0.6,7
2025-01-17,1430001,30.2,7
2025-01-18,1430001,23.8,7
2025-01-19,1430001,7.6,7
2025-01-20,1430001,12.6,7
2025-01-21,1430001,11.2,7
2025-01-22,1430001,23,7
2025-01-23,1430001,75.8,7
2025-01-24,1430001,13.6,7
2025-01-25,1430001,66.2,7
2025-01-26,1430001,65.2,7
2025-01-27,1430001,70.8,7
2025-01-28,1430001,75.8,7
2025-01-29,1430001,19.6,7
2025-01-30,1430001,144.4,7
2025-01-31,1430001,1,7
2025-02-01,1430001,0,7
2025-02-02,1430001,0,7
2025-02-03,1430001,0,7
2025-02-04,1430001,44.6,7
2025-02-05,1430001,67.8,7
2025-02-06,1430001,0,7
2025-02-07,1430001,0,7
2025-02-08,1430001,44,7
2025-02-09,1430001,7.2,7
2025-02-10,1430001,0,7
2025-02-11,1430001,12.2,7
2025-02-12,1430001,21,7
2025-02-13,1430001,10.4,7
2025-02-14,1430001,0.6,7
2025-02-15,1430001,5.8,7
2025-02-16,1430001,2,7
2025-02-17,1430001,4.2,7
2025-02-18,1430001,6,7
2025-02-19,1430001,7.2,7
2025-02-20,1430001,44,7
2025-02-21,1430001,64.8,7
2025-02-22,1430001,11,7
2025-02-23,1430001,1,7
2025-02-24,1430001,31.8,7
2025-02-25,1430001,45.4,7
2025-02-26,1430001,0,7
2025-02-27,1430001,15.2,7
2025-02-28,1430001,17.8,7
2025-03-01,1430001,9,7
2025-03-02,1430001,0,7
2025-03-03,1430001,0,7
2025-03-04,1430001,0,7
2025-03-05,1430001,0,7
2025-03-06,1430001,20.6,7
2025-03-07,1430001,25.2,7
2025-03-08,1430001,14.8,7
2025-03-09,1430001,2.8,7
2025-03-10,1430001,3.4,7
2025-03-11,1430001,125.6,7
2025-03-12,1430001,145.6,7
2025-03-13,1430001,59.4,7
2025-03-14,1430001,51,7
2025-03-15,1430001,0,7
2025-03-16,1430001,3.4,7
2025-03-17,1430001,51.8,7
2025-03-18,1430001,44.8,7
2025-03-19,1430001,14,7
2025-03-20,1430001,7,7
2025-03-21,1430001,0,7
2025-03-22,1430001,0,7
2025-03-23,1430001,0.2,7
2025-03-24,1430001,0.2,7
2025-03-25,1430001,0,7
2025-03-26,1430001,0,7
2025-03-27,1430001,0,7
2025-03-28,1430001,11,7
2025-03-29,1430001,7.4,7
2025-03-30,1430001,6.8,7
2025-03-31,1430001,0.6,7
2024-02-09,1430004,0,7
2024-02-10,1430004,0,7
2024-02-11,1430004,0,7
2024-02-12,1430004,0.8,7
2024-02-13,1430004,6.8,7
2024-02-14,1430004,0,7
2024-02-15,1430004,0.2,7
2024-02-16,1430004,0,7
2024-02-17,1430004,0,7
2024-02-18,1430004,0,7
2024-02-19,1430004,0.2,7
2024-02-20,1430004,15.8,7
2024-02-21,1430004,0.2,7
2024-02-22,1430004,0,7
2024-02-23,1430004,0,7
2024-02-24,1430004,0,7
2024-02-25,1430004,0,7
2024-02-26,1430004,16.2,7
2024-02-27,1430004,27.6,7
2024-02-28,1430004,37.6,7
2024-02-29,1430004,11,7
2024-03-01,1430004,0,7
2024-03-02,1430004,0,7
2024-03-03,1430004,0,7
2024-03-04,1430004,1.2,7
2024-03-05,1430004,0,7
2024-03-06,1430004,0,7
2024-03-07,1430004,0,7
2024-03-08,1430004,0,7
2024-03-09,1430004,0,7
2024-03-10,1430004,4,7
2024-03-11,1430004,0.6,7
2024-03-12,1430004,0.2,7
2024-03-13,1430004,13,7
2024-03-14,1430004,0,7
2024-03-15,1430004,0,7
2024-03-16,1430004,6.8,7
2024-03-17,1430004,0,7
2024-03-18,1430004,0,7
2024-03-19,1430004,1.6,7
2024-03-20,1430004,0,7
2024-03-21,1430004,0,7
2024-03-22,1430004,0.2,7
2024-03-23,1430004,0.4,7
2024-03-24,1430004,0.4,7
2024-03-25,1430004,1.8,7
2024-03-26,1430004,1,7
2024-03-27,1430004,0.6,7
2024-03-28,1430004,0.2,7
2024-03-29,1430004,0.2,7
2024-03-30,1430004,0.2,7
2024-03-31,1430004,0.2,7
2024-04-01,1430004,2,7
2024-04-02,1430004,0,7
2024-04-03,1430004,0,7
2024-04-04,1430004,1.4,7
2024-04-05,1430004,0.2,7
2024-04-06,1430004,0,7
2024-04-07,1430004,0,7
2024-04-08,1430004,0.4,7
2024-04-09,1430004,0.6,7
2024-04-10,1430004,0,7
2024-04-11,1430004,7.2,7
2024-04-12,1430004,6.6,7
2024-04-13,1430004,0.6,7
2024-04-14,1430004,0.4,7
2024-04-15,1430004,0.2,7
2024-04-16,1430004,0,7
2024-04-17,1430004,0,7
2024-04-18,1430004,0.2,7
2024-04-19,1430004,22.8,7
2024-04-20,1430004,0.2,7
2024-04-21,1430004,0,7
2024-04-22,1430004,0,7
2024-04-23,1430004,0,7
2024-04-24,1430004,0,7
2024-04-25,1430004,0,7
2024-04-26,1430004,0,7
2024-04-27,1430004,0.2,7
2024-04-28,1430004,7.2,7
2024-04-29,1430004,11,7
2024-04-30,1430004,0,7
2024-05-01,1430004,0.2,7
2024-05-02,1430004,0,7
2024-05-03,1430004,0,7
2024-05-04,1430004,0,7
2024-05-05,1430004,0,7
2024-05-06,1430004,0,7
2024-05-07,1430004,0,7
2024-05-08,1430004,0,7
2024-05-09,1430004,0,7
2024-05-10,1430004,0,7
2024-05-11,1430004,0,7
2024-05-12,1430004,0,7
2024-05-13,1430004,0,7
2024-05-14,1430004,0.2,7
2024-05-15,1430004,0.6,7
2024-05-16,1430004,0.4,7
2024-05-17,1430004,0,7
2024-05-18,1430004,0,7
2024-05-19,1430004,0,7
2024-05-20,1430004,0.2,7
2024-05-21,1430004,0.2,7
2024-05-22,1430004,0,7
2024-05-23,1430004,0,7
2024-05-24,1430004,0,7
2024-05-25,1430004,0,7
2024-05-26,1430004,0.2,7
2024-05-27,1430004,0.2,7
2024-05-28,1430004,0,7
2024-05-29,1430004,0,7
2024-05-30,1430004,0.4,7
2024-05-31,1430004,0,7
2024-06-01,1430004,0,7
2024-06-02,1430004,0,7
2024-06-03,1430004,0,7
2024-06-04,1430004,0,7
2024-06-05,1430004,0,7
2024-06-06,1430004,0,7
2024-06-07,1430004,0,7
2024-06-08,1430004,0,7
2024-06-09,1430004,0,7
2024-06-10,1430004,0.2,7
2024-06-11,1430004,0,7
2024-06-12,1430004,0,7
2024-06-13,1430004,0,7
2024-06-14,1430004,0,7
2024-06-15,1430004,0,7
2024-06-16,1430004,0,7
2024-06-17,1430004,4.6,7
2024-06-18,1430004,3.2,7
2024-06-19,1430004,0,7
2024-06-20,1430004,0,7
2024-06-21,1430004,0,7
2024-06-22,1430004,0,7
2024-06-23,1430004,0,7
2024-06-24,1430004,0,7
2024-06-25,1430004,6.6,7
2024-06-26,1430004,0.4,7
2024-06-27,1430004,10.6,7
2024-06-28,1430004,10,7
2024-06-29,1430004,2.4,7
2024-06-30,1430004,0.2,7
2024-07-01,1430004,0,7
2024-07-02,1430004,0,7
2024-07-03,1430004,0,7
2024-07-04,1430004,0,7
2024-07-05,1430004,0,7
2024-07-06,1430004,0,7
2024-07-07,1430004,0,7
2024-07-08,1430004,0,7
2024-07-09,1430004,0,7
2024-07-10,1430004,0,7
2024-07-11,1430004,0,7
2024-07-12,1430004,0,7
2024-07-13,1430004,0,7
2024-07-14,1430004,0,7
2024-07-15,1430004,0,7
2024-07-16,1430004,0,7
2024-07-17,1430004,0,7
2024-07-18,1430004,0,7
2024-07-19,1430004,0,7
2024-07-20,1430004,0,7
2024-07-21,1430004,0,7
2024-07-22,1430004,0,7
2024-07-23,1430004,0,7
2024-07-24,1430004,0,7
2024-07-25,1430004,0,7
2024-07-26,1430004,0,7
2024-07-27,1430004,0,7
2024-07-28,1430004,0,7
2024-07-29,1430004,0,7
2024-07-30,1430004,0,7
2024-07-31,1430004,0,7
2024-08-01,1430004,0,7
2024-08-02,1430004,0,7
2024-08-03,1430004,0,7
2024-08-04,1430004,0,7
2024-08-05,1430004,0,7
2024-08-06,1430004,0,7
2024-08-07,1430004,0,7
2024-08-08,1430004,0.2,7
2024-08-09,1430004,0,7
2024-08-10,1430004,0,7
2024-08-11,1430004,0,7
2024-08-12,1430004,0,7
2024-08-13,1430004,0,7
2024-08-14,1430004,0,7
2024-08-15,1430004,0,7
2024-08-16,1430004,0,7
2024-08-17,1430004,0.2,7
2024-08-18,1430004,0,7
2024-08-19,1430004,0,7
2024-08-20,1430004,0,7
2024-08-21,1430004,0,7
2024-08-22,1430004,0,7
2024-08-23,1430004,0,7
2024-08-24,1430004,1.8,7
2024-08-25,1430004,1.2,7
2024-08-26,1430004,0,7
2024-08-27,1430004,0,7
2024-08-28,1430004,0,7
2024-08-29,1430004,0,7
2024-08-30,1430004,0.2,7
2024-08-31,1430004,2.4,7
2024-09-01,1430004,13.4,7
2024-09-02,1430004,0.4,7
2024-09-03,1430004,0,7
2024-09-04,1430004,0,7
2024-09-05,1430004,0,7
2024-09-06,1430004,0,7
2024-09-07,1430004,0,7
2024-09-08,1430004,0,7
2024-09-09,1430004,0,7
2024-09-10,1430004,0,7
2024-09-11,1430004,0,7
2024-09-12,1430004,0,7
2024-09-13,1430004,0,7
2024-09-14,1430004,0,7
2024-09-15,1430004,0,7
2024-09-16,1430004,0,7
2024-09-17,1430004,0,7
2024-09-18,1430004,0,7
2024-09-19,1430004,0,7
2024-09-20,1430004,0,7
2024-09-21,1430004,0,7
2024-09-22,1430004,0,7
2024-09-23,1430004,1.2,7
2024-09-24,1430004,1.4,7
2024-09-25,1430004,0.2,7
2024-09-26,1430004,0,7
2024-09-27,1430004,0,7
2024-09-28,1430004,0,7
2024-09-29,1430004,0,7
2024-09-30,1430004,0,7
2024-10-01,1430004,0,7
2024-10-02,1430004,0.8,7
2024-10-03,1430004,2.6,7
2024-10-04,1430004,4.6,7
2024-10-05,1430004,2.2,7
2024-10-06,1430004,0,7
2024-10-07,1430004,0,7
2024-10-08,1430004,0,7
2024-10-09,1430004,0,7
2024-10-10,1430004,0,7
2024-10-11,1430004,0,7
2024-10-12,1430004,0,7
2024-10-13,1430004,0,7
2024-10-14,1430004,0,7
2024-10-15,1430004,0.2,7
2024-10-16,1430004,7.4,7
2024-10-17,1430004,5.4,7
2024-10-18,1430004,0,7
2024-10-19,1430004,0,7
2024-10-20,1430004,0,7
2024-10-21,1430004,0,7
2024-10-22,1430004,0,7
2024-10-23,1430004,0,7
2024-10-24,1430004,0,7
2024-10-25,1430004,30.2,7
2024-10-26,1430004,0,7
2024-10-27,1430004,2.2,7
2024-10-28,1430004,1.4,7
2024-10-29,1430004,0.4,7
2024-10-30,1430004,0,7
2024-10-31,1430004,3,7
2024-11-01,1430004,41.2,7
2024-11-02,1430004,0.4,7
2024-11-03,1430004,0.2,7
2024-11-04,1430004,0,7
2024-11-05,1430004,0,7
2024-11-06,1430004,0.8,7
2024-11-07,1430004,5.2,7
2024-11-08,1430004,17.2,7
2024-11-09,1430004,0.4,7
2024-11-10,1430004,0,7
2024-11-11,1430004,0,7
2024-11-12,1430004,0,7
2024-11-13,1430004,0.2,7
2024-11-14,1430004,49,7
2024-11-15,1430004,11,7
2024-11-16,1430004,3,7
2024-11-17,1430004,0,7
2024-11-18,1430004,0.4,7
2024-11-19,1430004,0.2,7
2024-11-20,1430004,0,7
2024-11-21,1430004,0,7
2024-11-22,1430004,0,7
2024-11-23,1430004,5.2,7
2024-11-24,1430004,14,7
2024-11-25,1430004,0,7
2024-11-26,1430004,0,7
2024-11-27,1430004,13,7
2024-11-28,1430004,5.4,7
2024-11-29,1430004,12.4,7
2024-11-30,1430004,0.6,7
2024-12-01,1430004,0.4,7
2024-12-02,1430004,0,7
2024-12-03,1430004,0,7
2024-12-04,1430004,0,7
2024-12-05,1430004,0,7
2024-12-06,1430004,0,7
2024-12-07,1430004,0,7
2024-12-08,1430004,0,7
2024-12-09,1430004,1.8,7
2024-12-10,1430004,0,7
2024-12-11,1430004,0,7
2024-12-12,1430004,0,7
2024-12-13,1430004,0,7
2024-12-14,1430004,4.8,7
2024-12-15,1430004,6.8,7
2024-12-16,1430004,0,7
2024-12-17,1430004,0.2,7
2024-12-18,1430004,2.6,7
2024-12-19,1430004,0.8,7
2024-12-20,1430004,12.6,7
2024-12-21,1430004,0.2,7
2024-12-22,1430004,7.6,7
2024-12-23,1430004,0,7
2024-12-24,1430004,0,7
2024-12-25,1430004,25.6,7
2024-12-26,1430004,93.2,7
2024-12-27,1430004,0.4,7
2024-12-28,1430004,0,7
2024-12-29,1430004,0,7
2024-12-30,1430004,0,7
2024-12-31,1430004,25.6,7
2025-01-01,1430004,2.2,7
2025-01-02,1430004,0.2,7
2025-01-03,1430004,1.4,7
2025-01-04,1430004,8,7
2025-01-05,1430004,37.4,7
2025-01-06,1430004,6.8,7
2025-01-07,1430004,0.6,7
2025-01-08,1430004,0,7
2025-01-09,1430004,3,7
2025-01-10,1430004,9.6,7
2025-01-11,1430004,8.4,7
2025-01-12,1430004,2.8,7
2025-01-13,1430004,14.4,7
2025-01-14,1430004,0,7
2025-01-15,1430004,0.2,7
2025-01-16,1430004,0.2,7
2025-01-17,1430004,1.6,7
2025-01-18,1430004,13.4,7
2025-01-19,1430004,5.8,7
2025-01-20,1430004,8.4,7
2025-01-21,1430004,43.6,7
2025-01-22,1430004,6.8,7
2025-01-23,1430004,29.6,7
2025-01-24,1430004,23.8,7
2025-01-25,1430004,2.2,7
2025-01-26,1430004,4.2,7
2025-01-27,1430004,7.2,7
2025-01-28,1430004,55.8,7
2025-01-29,1430004,8.6,7
2025-01-30,1430004,0.4,7
2025-01-31,1430004,0.2,7
2025-02-01,1430004,1.6,7
2025-02-02,1430004,3.6,7
2025-02-03,1430004,0.2,7
2025-02-04,1430004,0,7
2025-02-05,1430004,0.2,7
2025-02-06,1430004,0,7
2025-02-07,1430004,0,7
2025-02-08,1430004,0.2,7
2025-02-09,1430004,19,7
2025-02-10,1430004,1,7
2025-02-11,1430004,0.8,7
2025-02-12,1430004,9.4,7
2025-02-13,1430004,15.2,7
2025-02-14,1430004,10.6,7
2025-02-15,1430004,8.8,7
2025-02-16,1430004,13.8,7
2025-02-17,1430004,0.4,7
2025-02-18,1430004,0,7
2025-02-19,1430004,0.2,7
2025-02-20,1430004,43.8,7
2025-02-21,1430004,20,7
2025-02-22,1430004,26,7
2025-02-23,1430004,27.4,7
2025-02-24,1430004,13.2,7
2025-02-25,1430004,1.4,7
2025-02-26,1430004,0.4,7
2025-02-27,1430004,0,7
2025-02-28,1430004,40,7
2025-03-01,1430004,0.6,7
2025-03-02,1430004,4.6,7
2025-03-03,1430004,0,7
2025-03-04,1430004,0.4,7
2025-03-05,1430004,1.2,7
2025-03-06,1430004,0.4,7
2025-03-07,1430004,0,7
2025-03-08,1430004,0.8,7
2025-03-09,1430004,16.2,7
2025-03-10,1430004,0.2,7
2025-03-11,1430004,7.2,7
2025-03-12,1430004,56.8,7
2025-03-13,1430004,46.8,7
2025-03-14,1430004,1.2,7
2025-03-15,1430004,0,7
2025-03-16,1430004,0,7
2025-03-17,1430004,3.6,7
2025-03-18,1430004,0.2,7
2025-03-19,1430004,0.2,7
2025-03-20,1430004,0,7
2025-03-21,1430004,0,7
2025-03-22,1430004,1,7
2025-03-23,1430004,0.2,7
2025-03-24,1430004,0.2,7
2025-03-25,1430004,0,7
2025-03-26,1430004,0.2,7
2025-03-27,1430004,0.2,7
2025-03-28,1430004,0.2,7
2025-03-29,1430004,0.2,7
2025-03-30,1430004,15.8,7
2025-03-31,1430004,0.4,7
2024-08-09,1430002,0,7
2024-08-10,1430002,0,7
2024-08-11,1430002,0,7
2024-08-12,1430002,0,7
2024-08-13,1430002,0,7
2024-08-14,1430002,0,7
2024-08-15,1430002,0,7
2024-08-16,1430002,0,7
2024-08-17,1430002,0,7
2024-08-18,1430002,0,7
2024-08-19,1430002,0,7
2024-08-20,1430002,0,7
2024-08-21,1430002,0,7
2024-08-22,1430002,0,7
2024-08-23,1430002,0,7
2024-08-24,1430002,0,7
2024-08-25,1430002,0,7
2024-08-26,1430002,0,7
2024-08-27,1430002,0,7
2024-08-28,1430002,0,7
2024-08-29,1430002,0,7
2024-08-30,1430002,0.2,7
2024-08-31,1430002,0,7
2024-09-01,1430002,0,7
2024-09-02,1430002,0.4,7
2024-09-03,1430002,0,7
2024-09-04,1430002,0,7
2024-09-05,1430002,0,7
2024-09-06,1430002,0,7
2024-09-07,1430002,0,7
2024-09-08,1430002,0,7
2024-09-09,1430002,0,7
2024-09-10,1430002,0,7
2024-09-11,1430002,0,7
2024-09-12,1430002,0,7
2024-09-13,1430002,0,7
2024-09-14,1430002,0,7
2024-09-15,1430002,0,7
2024-09-16,1430002,0,7
2024-09-17,1430002,0,7
2024-09-18,1430002,0,7
2024-09-19,1430002,0,7
2024-09-20,1430002,0,7
2024-09-21,1430002,0,7
2024-09-22,1430002,0,7
2024-09-23,1430002,0,7
2024-09-24,1430002,0,7
2024-09-25,1430002,0.6,7
2024-09-26,1430002,0,7
2024-09-27,1430002,0,7
2024-09-28,1430002,0,7
2024-09-29,1430002,0,7
2024-09-30,1430002,0,7
2024-10-01,1430002,0,7
2024-10-02,1430002,0,7
2024-10-03,1430002,0,7
2024-10-04,1430002,0,7
2024-10-05,1430002,1.4,7
2024-10-06,1430002,0,7
2024-10-07,1430002,0,7
2024-10-08,1430002,0.2,7
2024-10-09,1430002,16.2,7
2024-10-10,1430002,0,7
2024-10-11,1430002,2,7
2024-10-12,1430002,0.2,7
2024-10-13,1430002,0,7
2024-10-14,1430002,0,7
2024-10-15,1430002,0,7
2024-10-16,1430002,0,7
2024-10-17,1430002,20.2,7
2024-10-18,1430002,7.8,7
2024-10-19,1430002,0,7
2024-10-20,1430002,17.4,7
2024-10-21,1430002,0,7
2024-10-22,1430002,0,7
2024-10-23,1430002,0,7
2024-10-24,1430002,0,7
2024-10-25,1430002,0,7
2024-10-26,1430002,0,7
2024-10-27,1430002,0,7
2024-10-28,1430002,0,7
2024-10-29,1430002,0,7
2024-10-30,1430002,4.6,7
2024-10-31,1430002,0,7
2024-11-01,1430002,0,7
2024-11-02,1430002,0,7
2024-11-03,1430002,0,7
2024-11-04,1430002,0,7
2024-11-05,1430002,0.2,7
2024-11-06,1430002,1,7
2024-11-07,1430002,0,7
2024-11-08,1430002,0,7
2024-11-09,1430002,0,7
2024-11-10,1430002,0,7
2024-11-11,1430002,0,7
2024-11-12,1430002,3,7
2024-11-13,1430002,0,7
2024-11-14,1430002,0,7
2024-11-15,1430002,0,7
2024-11-16,1430002,6.6,7
2024-11-17,1430002,0,7
2024-11-18,1430002,0,7
2024-11-19,1430002,0,7
2024-11-20,1430002,0,7
2024-11-21,1430002,0,7
2024-11-22,1430002,0,7
2024-11-23,1430002,0,7
2024-11-24,1430002,4.6,7
2024-11-25,1430002,7,7
2024-11-26,1430002,0.2,7
2024-11-27,1430002,3.4,7
2024-11-28,1430002,0,7
2024-11-29,1430002,6.8,7
2024-11-30,1430002,2.4,7
2024-12-01,1430002,23.2,7
2024-12-02,1430002,7,7
2024-12-03,1430002,5.2,7
2024-12-04,1430002,18.6,7
2024-12-05,1430002,11.8,7
2024-12-06,1430002,46.8,7
2024-12-07,1430002,37.8,7
2024-12-08,1430002,30.8,7
2024-12-09,1430002,0.2,7
2024-12-10,1430002,1.2,7
2024-12-11,1430002,1,7
2024-12-12,1430002,0,7
2024-12-13,1430002,0,7
2024-12-14,1430002,5.8,7
2024-12-15,1430002,3.6,7
2024-12-16,1430002,0,7
2024-12-17,1430002,2.6,7
2024-12-18,1430002,0,7
2024-12-19,1430002,21.4,7
2024-12-20,1430002,0,7
2024-12-21,1430002,0,7
2024-12-22,1430002,0,7
2024-12-23,1430002,0,7
2024-12-24,1430002,0,7
2024-12-25,1430002,0,7
2024-12-26,1430002,0,7
2024-12-27,1430002,0,7
2024-12-28,1430002,0,7
2024-12-29,1430002,3.2,7
2024-12-30,1430002,7.4,7
2024-12-31,1430002,0.2,7
2025-01-01,1430002,16.2,7
2025-01-02,1430002,0.4,7
2025-01-03,1430002,3.8,7
2025-01-04,1430002,17.6,7
2025-01-05,1430002,8,7
2025-01-06,1430002,18.8,7
2025-01-07,1430002,6.8,7
2025-01-08,1430002,1.4,7
2025-01-09,1430002,19,7
2025-01-10,1430002,9.2,7
2025-01-11,1430002,1.4,7
2025-01-12,1430002,2.2,7
2025-01-13,1430002,33.4,7
2025-01-14,1430002,0.2,7
2025-01-15,1430002,2,7
2025-01-16,1430002,1.6,7
2025-01-17,1430002,25.6,7
2025-01-18,1430002,0,7
2025-01-19,1430002,0,7
2025-01-20,1430002,36.8,7
2025-01-21,1430002,4,7
2025-01-22,1430002,1.4,7
2025-01-23,1430002,11.4,7
2025-01-24,1430002,5.8,7
2025-01-25,1430002,6.6,7
2025-01-26,1430002,33.2,7
2025-01-27,1430002,24.2,7
2025-01-28,1430002,5.6,7
2025-01-29,1430002,5.2,7
2025-01-30,1430002,20.8,7
2025-01-31,1430002,0.6,7
2025-02-01,1430002,5.6,7
2025-02-02,1430002,2,7
2025-02-03,1430002,20,7
2025-02-04,1430002,5.6,7
2025-02-05,1430002,1.6,7
2025-02-06,1430002,3.4,7
2025-02-07,1430002,19,7
2025-02-08,1430002,7.6,7
2025-02-09,1430002,3.4,7
2025-02-10,1430002,1.2,7
2025-02-11,1430002,1.2,7
2025-02-12,1430002,0,7
2025-02-13,1430002,7.4,7
2025-02-14,1430002,0,7
2025-02-15,1430002,14.2,7
2025-02-16,1430002,2,7
2025-02-17,1430002,2,7
2025-02-18,1430002,1.6,7
2025-02-19,1430002,1.2,7
2025-02-20,1430002,0.2,7
2025-02-21,1430002,20.2,7
2025-02-22,1430002,11.8,7
2025-02-23,1430002,4.8,7
2025-02-24,1430002,0.8,7
2025-02-25,1430002,0,7
2025-02-26,1430002,0,7
2025-02-27,1430002,0,7
2025-02-28,1430002,0,7
2025-03-01,1430002,0.2,7
2025-03-02,1430002,8.8,7
2025-03-03,1430002,6.4,7
2025-03-04,1430002,11.2,7
2025-03-05,1430002,6.6,7
2025-03-06,1430002,0,7
2025-03-07,1430002,1,7
2025-03-08,1430002,9.4,7
2025-03-09,1430002,0.4,7
2025-03-10,1430002,0,7
2025-03-11,1430002,0,7
2025-03-12,1430002,0.4,7
2025-03-13,1430002,7,7
2025-03-14,1430002,11.2,7
2025-03-15,1430002,2.4,7
2025-03-16,1430002,17,7
2025-03-17,1430002,13.4,7
2025-03-18,1430002,1.4,7
2025-03-19,1430002,6.2,7
2025-03-20,1430002,1.4,7
2025-03-21,1430002,58.6,7
2025-03-22,1430002,0.4,7
2025-03-23,1430002,26.4,7
2025-03-24,1430002,0,7
2025-03-25,1430002,2.2,7
2025-03-26,1430002,47.8,7
2025-03-27,1430002,2,7
2025-03-31,1430006,0,7
2025-03-30,1430006,0,7
2025-03-29,1430006,48.6,7
2025-03-28,1430006,9.8,7
2025-03-27,1430006,4.2,7
2025-03-26,1430006,0.4,7
2025-03-25,1430006,31.6,7
2025-03-24,1430006,25,7
2025-03-23,1430006,7,7
2025-03-22,1430006,4,7
2025-03-21,1430006,0,7
2025-03-20,1430006,4.6,7
2025-03-19,1430006,12,7
2025-03-18,1430006,45.8,7
2025-03-17,1430006,6.6,7
2025-03-16,1430006,5,7
2025-03-15,1430006,18.6,7
2025-03-14,1430006,5.4,7
2025-03-13,1430006,2.4,7
2025-03-12,1430006,24.4,7
2025-03-11,1430006,35.2,7
2025-03-10,1430006,0,7
2025-03-09,1430006,1.8,7
2025-03-08,1430006,91.6,7
2025-03-07,1430006,2.4,7
2025-03-06,1430006,0,7
2025-03-05,1430006,2.8,7
2025-03-04,1430006,13.8,7
2025-03-03,1430006,20.6,7
2025-03-02,1430006,15.6,7
2025-03-01,1430006,3,7
2025-02-28,1430006,3.8,7
2025-02-27,1430006,18.4,7
2025-02-26,1430006,33.2,7
2025-02-25,1430006,36.2,7
2025-02-24,1430006,2.8,7
2025-02-23,1430006,47.6,7
2025-02-22,1430006,5.8,7
2025-02-21,1430006,6.4,7
2025-02-20,1430006,10.2,7
2025-02-19,1430006,61,7
2025-02-18,1430006,6,7
2025-02-17,1430006,68,7
2025-02-16,1430006,32,7
2025-02-15,1430006,0,7
2025-02-14,1430006,7.2,7
2025-02-13,1430006,1.2,7
2025-02-12,1430006,8.6,7
2025-02-11,1430006,7.6,7
2025-02-10,1430006,13.2,7
2025-02-09,1430006,0.4,7
2025-02-08,1430006,13,7
2025-02-07,1430006,35.8,7
2025-02-06,1430006,6.6,7
2025-02-05,1430006,6,7
2025-02-04,1430006,56.8,7
2025-02-03,1430006,0,7
2025-02-02,1430006,0,7
2025-02-01,1430006,2,7
2025-01-31,1430006,0,7
2025-01-30,1430006,10.6,7
2025-01-29,1430006,0,7
2025-01-28,1430006,0,7
2025-01-27,1430006,0,7
2025-01-26,1430006,0.4,7
2025-01-25,1430006,1.4,7
2025-01-24,1430006,8.4,7
2025-01-23,1430006,2.8,7
2025-01-22,1430006,8.8,7
2025-01-21,1430006,0,7
2025-01-20,1430006,0,7
2025-01-19,1430006,0.2,7
2025-01-18,1430006,0,7
2025-01-17,1430006,0.6,7
2025-01-16,1430006,4.4,7
2025-01-15,1430006,1,7
2025-01-14,1430006,10.4,7
2025-01-13,1430006,28,7
2025-01-12,1430006,11,7
2025-01-11,1430006,19,7
2025-01-10,1430006,0.8,7
2025-01-09,1430006,27.8,7
2025-01-08,1430006,22.2,7
2025-01-07,1430006,55.2,7
2025-01-06,1430006,2.2,7
2025-01-05,1430006,0,7
2025-01-04,1430006,0,7
2025-01-03,1430006,25.2,7
2025-01-02,1430006,4.8,7
2025-01-01,1430006,3.4,7
2024-12-31,1430006,0,7
2024-12-30,1430006,0.4,7
2024-12-29,1430006,15.2,7
2024-12-28,1430006,0.6,7
2024-12-27,1430006,0,7
2024-12-26,1430006,3.6,7
2024-12-25,1430006,11.2,7
2024-12-24,1430006,64,7
2024-12-23,1430006,0,7
2024-12-22,1430006,71.8,7
2024-12-21,1430006,2,7
2024-12-20,1430006,100,7
2024-12-19,1430006,0,7
2024-12-18,1430006,0,7
2024-12-17,1430006,20.4,7
2024-12-16,1430006,8.4,7
2024-12-15,1430006,0,7
2024-12-14,1430006,0,7
2024-12-13,1430006,0,7
2024-12-12,1430006,7.8,7
2024-12-11,1430006,2,7
2024-12-10,1430006,0,7
2024-12-09,1430006,0,7
2024-12-08,1430006,0,7
2024-12-07,1430006,0,7
2024-12-06,1430006,0,7
2024-12-05,1430006,0,7
2024-12-04,1430006,0,7
2024-12-03,1430006,0,7
2024-12-02,1430006,0,7
2024-12-01,1430006,0,7
2024-11-30,1430006,0,7
2024-11-29,1430006,0,7
2024-11-28,1430006,0.6,7
2024-11-27,1430006,0,7
2024-11-26,1430006,0,7
2024-11-25,1430006,0,7
2024-11-24,1430006,0,7
2024-11-23,1430006,0.2,7
2024-11-22,1430006,3.4,7
2024-11-21,1430006,2.6,7
2024-11-20,1430006,1,7
2024-11-19,1430006,36.6,7
2024-11-18,1430006,0,7
2024-11-17,1430006,1.8,7
2024-11-16,1430006,0.8,7
2024-11-15,1430006,10,7
2024-11-14,1430006,8.4,7
2024-11-13,1430006,18.6,7
2024-11-12,1430006,26.8,7
2024-11-11,1430006,23.8,7
2024-11-10,1430006,1.6,7
2024-11-09,1430006,1.6,7
2024-11-08,1430006,5.4,7
2024-11-07,1430006,0,7
2024-11-06,1430006,29.4,7
2024-11-05,1430006,3.2,7
2024-11-04,1430006,0,7
2024-11-03,1430006,0,7
2024-11-02,1430006,0,7
2024-11-01,1430006,0,7
2024-10-31,1430006,0,7
2024-10-30,1430006,0,7
2024-10-29,1430006,0.2,7
2024-10-28,1430006,0,7
2024-10-27,1430006,0.2,7
2024-10-26,1430006,0,7
2024-10-25,1430006,0,7
2024-10-24,1430006,0,7
2024-10-23,1430006,9,7
2024-10-22,1430006,88.6,7
2024-10-21,1430006,14.8,7
2024-10-20,1430006,0,7
2024-10-19,1430006,0,7
2024-10-18,1430006,4.8,7
2024-10-17,1430006,0.4,7
2024-10-16,1430006,4.8,7
2024-10-15,1430006,3.8,7
2024-10-14,1430006,0,7
2024-10-13,1430006,0,7
2024-10-12,1430006,0,7
2024-10-11,1430006,0,7
2024-10-10,1430006,0,7
2024-10-09,1430006,0,7
2024-10-08,1430006,0,7
2024-10-07,1430006,0,7
2024-10-06,1430006,0,7
2024-10-05,1430006,0,7
2024-10-04,1430006,0,7
2024-10-03,1430006,0,7
2024-10-02,1430006,0,7
2024-10-01,1430006,0,7
2024-09-30,1430006,0,7
2024-09-29,1430006,0,7
2024-09-28,1430006,0,7
2024-09-27,1430006,0,7
2024-09-26,1430006,0,7
2024-09-25,1430006,0,7
2024-09-24,1430006,0,7
2024-09-23,1430006,0,7
2024-09-22,1430006,51.2,7
2024-09-21,1430006,17.2,7
2024-09-20,1430006,0.2,7
2024-09-19,1430006,3,7
2024-09-18,1430006,34.6,7
2024-09-17,1430006,0,7
2024-09-16,1430006,3,7
2024-09-15,1430006,0.4,7
2024-09-14,1430006,0,7
2024-09-13,1430006,0.4,7
2024-09-12,1430006,0,7
2024-09-11,1430006,1,7
2024-09-10,1430006,15.4,7
2024-09-09,1430006,0,7
2024-09-08,1430006,0,7
2024-09-07,1430006,0,7
2024-09-06,1430006,0,7
2024-09-05,1430006,0,7
2024-09-04,1430006,0,7
2024-09-03,1430006,0,7
2024-09-02,1430006,0,7
2024-09-01,1430006,0,7
2024-08-31,1430006,0.6,7
2024-08-30,1430006,0.4,7
2024-08-29,1430006,0,7
2024-08-28,1430006,0,7
2024-08-27,1430006,0,7
2024-08-26,1430006,0,7
2024-08-25,1430006,0,7
2024-08-24,1430006,0,7
2024-08-23,1430006,0,7
2024-08-22,1430006,0,7
2024-08-21,1430006,0,7
2024-08-20,1430006,0,7
2024-08-19,1430006,0,7
2024-08-18,1430006,0,7
2024-08-17,1430006,0,7
2024-08-16,1430006,0,7
2024-08-15,1430006,0,7
2024-08-14,1430006,0,7
2024-08-13,1430006,0,7
2024-08-12,1430006,0,7
2024-08-11,1430006,0,7
2024-08-10,1430006,0,7
2024-08-09,1430006,0,7
2024-08-08,1430006,0,7
2024-08-07,1430006,0,7
2024-08-06,1430006,0,7
2024-08-05,1430006,0,7
2024-08-04,1430006,0,7
2024-08-03,1430006,1,7
2024-08-02,1430006,0,7
2024-08-01,1430006,0,7
2024-07-31,1430006,0,7
2024-07-30,1430006,0,7
2024-07-29,1430006,0,7
2024-07-28,1430006,0,7
2024-07-27,1430006,0,7
2024-07-26,1430006,0,7
2024-07-25,1430006,0,7
2024-07-24,1430006,0,7
2024-07-23,1430006,0,7
2024-07-22,1430006,0,7
2024-07-21,1430006,0,7
2024-07-20,1430006,0,7
2024-07-19,1430006,0,7
2024-07-18,1430006,0,7
2024-07-17,1430006,0,7
2024-07-16,1430006,0,7
2024-07-15,1430006,0,7
2024-07-14,1430006,0,7
2024-07-13,1430006,0,7
2024-07-12,1430006,0,7
2024-07-11,1430006,0,7
2024-07-10,1430006,0,7
2024-07-09,1430006,0,7
2025-03-31,1430008,1,7
2025-03-30,1430008,0.2,7
2025-03-29,1430008,11.6,7
2025-03-28,1430008,11,7
2025-03-27,1430008,14.2,7
2025-03-26,1430008,0.2,7
2025-03-25,1430008,25.2,7
2025-03-24,1430008,25.8,7
2025-03-23,1430008,0.2,7
2025-03-22,1430008,0.4,7
2025-03-21,1430008,0.2,7
2025-03-20,1430008,11.8,7
2025-03-19,1430008,7.6,7
2025-03-18,1430008,2.8,7
2025-03-17,1430008,2.8,7
2025-03-16,1430008,4.2,7
2025-03-15,1430008,16.4,7
2025-03-14,1430008,7,7
2025-03-13,1430008,5.6,7
2025-03-12,1430008,13,7
2025-03-11,1430008,49.4,7
2025-03-10,1430008,0,7
2025-03-09,1430008,1.2,7
2025-03-08,1430008,31.4,7
2025-03-07,1430008,0,7
2025-03-06,1430008,0,7
2025-03-05,1430008,3.2,7
2025-03-04,1430008,12.6,7
2025-03-03,1430008,6.4,7
2025-03-02,1430008,9.8,7
2025-03-01,1430008,1.8,7
2025-02-28,1430008,0.8,7
2025-02-27,1430008,4.2,7
2025-02-26,1430008,4.2,7
2025-02-25,1430008,33,7
2025-02-24,1430008,5.4,7
2025-02-23,1430008,35.8,7
2025-02-22,1430008,4.6,7
2025-02-21,1430008,9.4,7
2025-02-20,1430008,15.8,7
2025-02-19,1430008,38.8,7
2025-02-18,1430008,6,7
2025-02-17,1430008,30.2,7
2025-02-16,1430008,50.6,7
2025-02-15,1430008,0,7
2025-02-14,1430008,10.8,7
2025-02-13,1430008,0.2,7
2025-02-12,1430008,7.4,7
2025-02-11,1430008,9.8,7
2025-02-10,1430008,3.8,7
2025-02-09,1430008,1.2,7
2025-02-08,1430008,6,7
2025-02-07,1430008,15.2,7
2025-02-06,1430008,2.2,7
2025-02-05,1430008,0,7
2025-02-04,1430008,67.8,7
2025-02-03,1430008,0,7
2025-02-02,1430008,0.4,7
2025-02-01,1430008,4.8,7
2025-01-31,1430008,0,7
2025-01-30,1430008,8.2,7
2025-01-29,1430008,10.6,7
2025-01-28,1430008,0,7
2025-01-27,1430008,0,7
2025-01-26,1430008,0.6,7
2025-01-25,1430008,0,7
2025-01-24,1430008,14.8,7
2025-01-23,1430008,3,7
2025-01-22,1430008,15,7
2025-01-21,1430008,0,7
2025-01-20,1430008,0,7
2025-01-19,1430008,0,7
2025-01-18,1430008,0.2,7
2025-01-17,1430008,2.8,7
2025-01-16,1430008,3.6,7
2025-01-15,1430008,0.4,7
2025-01-14,1430008,12,7
2025-01-13,1430008,18.6,7
2025-01-12,1430008,2.2,7
2025-01-11,1430008,14.8,7
2025-01-10,1430008,1,7
2025-01-09,1430008,4.6,7
2025-01-08,1430008,16.4,7
2025-01-07,1430008,35.2,7
2025-01-06,1430008,2.8,7
2025-01-05,1430008,0,7
2025-01-04,1430008,0.4,7
2025-01-03,1430008,15.6,7
2025-01-02,1430008,16.4,7
2025-01-01,1430008,13.6,7
2024-12-31,1430008,0,7
2024-12-30,1430008,0.2,7
2024-12-29,1430008,6,7
2024-12-28,1430008,1.6,7
2024-12-27,1430008,0.8,7
2024-12-26,1430008,1,7
2024-12-25,1430008,3.6,7
2024-12-24,1430008,16.2,7
2024-12-23,1430008,0,7
2024-12-22,1430008,33.8,7
2024-12-21,1430008,13.6,7
2024-12-20,1430008,44.4,7
2024-12-19,1430008,0,7
2024-12-18,1430008,0,7
2024-12-17,1430008,13,7
2024-12-16,1430008,3,7
2024-12-15,1430008,4.2,7
2024-12-14,1430008,0.4,7
2024-12-13,1430008,0,7
2024-12-12,1430008,2.8,7
2024-12-11,1430008,0,7
2024-12-10,1430008,0,7
2024-12-09,1430008,0,7
2024-12-08,1430008,0.2,7
2024-12-07,1430008,0.2,7
2024-12-06,1430008,0,7
2024-12-05,1430008,0.2,7
2024-12-04,1430008,0.4,7
2024-12-03,1430008,0.8,7
2024-12-02,1430008,0.2,7
2024-12-01,1430008,0,7
2024-11-30,1430008,0,7
2024-11-29,1430008,0.2,7
2024-11-28,1430008,1,7
2024-11-27,1430008,0,7
2024-11-26,1430008,0,7
2024-11-25,1430008,0.2,7
2024-11-24,1430008,0.2,7
2024-11-23,1430008,0,7
2024-11-22,1430008,2.8,7
2024-11-21,1430008,2.4,7
2024-11-20,1430008,0.8,7
2024-11-19,1430008,3.2,7
2024-11-18,1430008,0,7
2024-11-17,1430008,0.8,7
2024-11-16,1430008,0.2,7
2024-11-15,1430008,5.8,7
2024-11-14,1430008,5.4,7
2024-11-13,1430008,14.6,7
2024-11-12,1430008,14.6,7
2024-11-11,1430008,18.4,7
2024-11-10,1430008,0,7
2024-11-09,1430008,1.4,7
2024-11-08,1430008,5,7
2024-11-07,1430008,0.4,7
2024-11-06,1430008,14.8,7
2024-11-05,1430008,4.8,7
2024-11-04,1430008,0,7
2024-11-03,1430008,0,7
2024-11-02,1430008,0,7
2024-11-01,1430008,1,7
2024-10-31,1430008,0,7
2024-10-30,1430008,0,7
2024-10-29,1430008,0,7
2024-10-28,1430008,0.2,7
2024-10-27,1430008,1,7
2024-10-26,1430008,1.2,7
2024-10-25,1430008,0,7
2024-10-24,1430008,0,7
2024-10-23,1430008,5.2,7
2024-10-22,1430008,45.2,7
2024-10-21,1430008,9.8,7
2024-10-20,1430008,0.2,7
2024-10-19,1430008,0,7
2024-10-18,1430008,1.8,7
2024-10-17,1430008,0.6,7
2024-10-16,1430008,5,7
2024-10-15,1430008,2.6,7
2024-10-14,1430008,0,7
2024-10-13,1430008,0,7
2024-10-12,1430008,0,7
2024-10-11,1430008,0,7
2024-10-10,1430008,0,7
2024-10-09,1430008,0.2,7
2024-10-08,1430008,0.8,7
2024-10-07,1430008,0,7
2024-10-06,1430008,0,7
2024-10-05,1430008,0,7
2024-10-04,1430008,0.6,7
2024-10-03,1430008,0,7
2024-10-02,1430008,0,7
2024-10-01,1430008,0.2,7
2024-09-30,1430008,0,7
2024-09-29,1430008,0.2,7
2024-09-28,1430008,0,7
2024-09-27,1430008,0.4,7
2024-09-26,1430008,0,7
2024-09-25,1430008,0,7
2024-09-24,1430008,0,7
2024-09-23,1430008,11.6,7
2024-09-22,1430008,0.2,7
2024-09-21,1430008,4,7
2024-09-20,1430008,2.2,7
2024-09-19,1430008,1.6,7
2024-09-18,1430008,23.2,7
2024-09-17,1430008,0.4,7
2024-09-16,1430008,1,7
2024-09-15,1430008,0.4,7
2024-09-14,1430008,0,7
2024-09-13,1430008,1.6,7
2024-09-12,1430008,0,7
2024-09-11,1430008,0.8,7
2024-09-10,1430008,18,7
2024-09-09,1430008,0.6,7
2024-09-08,1430008,0.2,7
2024-09-07,1430008,0.2,7
2024-09-06,1430008,0,7
2024-09-05,1430008,0,7
2024-09-04,1430008,0,7
2024-09-03,1430008,0,7
2024-09-02,1430008,0,7
2024-09-01,1430008,0,7
2024-08-31,1430008,1.4,7
2024-08-30,1430008,0.2,7
2024-08-29,1430008,0,7
2024-08-28,1430008,0,7
2024-08-27,1430008,0,7
2024-08-26,1430008,0,7
2024-08-25,1430008,0,7
2024-08-24,1430008,0.2,7
2024-08-23,1430008,0.6,7
2024-08-22,1430008,0,7
2024-08-21,1430008,0,7
2024-08-20,1430008,0,7
2024-08-19,1430008,0,7
2024-08-18,1430008,0,7
2024-08-17,1430008,0,7
2024-08-16,1430008,0,7
2024-08-15,1430008,0,7
2024-08-14,1430008,0,7
2024-08-13,1430008,0,7
2024-08-12,1430008,0,7
2024-08-11,1430008,0,7
2024-08-10,1430008,0,7
2024-08-09,1430008,0,7
2024-08-08,1430008,0,7
2024-08-07,1430008,0,7
2024-08-06,1430008,0,7
2024-08-05,1430008,0,7
2024-08-04,1430008,0,7
2024-08-03,1430008,1.4,7
2024-08-02,1430008,0,7
2024-08-01,1430008,0,7
2024-07-31,1430008,0,7
2024-07-30,1430008,0,7
2024-07-29,1430008,0,7
2024-07-28,1430008,0,7
2024-07-27,1430008,0,7
2024-07-26,1430008,0,7
2024-07-25,1430008,0,7
2024-07-24,1430008,0,7
2024-07-23,1430008,0,7
2024-07-22,1430008,0,7
2024-07-21,1430008,0,7
2024-07-20,1430008,0,7
2024-07-19,1430008,0,7
2024-07-18,1430008,0,7
2024-07-17,1430008,0,7
2024-07-16,1430008,0,7
2024-07-15,1430008,0,7
2024-07-14,1430008,0,7
2024-07-13,1430008,0,7
2024-07-12,1430008,0,7
2024-07-11,1430008,0,7
2024-07-10,1430008,0,7
2024-07-09,1430008,0,7
2025-03-31,1430007,0,7
2025-03-30,1430007,0.6,7
2025-03-29,1430007,21.6,7
2025-03-28,1430007,5.6,7
2025-03-27,1430007,7.8,7
2025-03-26,1430007,0,7
2025-03-25,1430007,18,7
2025-03-24,1430007,6,7
2025-03-23,1430007,0.6,7
2025-03-22,1430007,0.4,7
2025-03-21,1430007,0,7
2025-03-20,1430007,23.2,7
2025-03-19,1430007,7.8,7
2025-03-18,1430007,31.2,7
2025-03-17,1430007,14.2,7
2025-03-16,1430007,9,7
2025-03-15,1430007,23.6,7
2025-03-14,1430007,8,7
2025-03-13,1430007,11.6,7
2025-03-12,1430007,12.2,7
2025-03-11,1430007,40.2,7
2025-03-10,1430007,0,7
2025-03-09,1430007,1.4,7
2025-03-08,1430007,75.8,7
2025-03-07,1430007,0,7
2025-03-06,1430007,0.2,7
2025-03-05,1430007,9.8,7
2025-03-04,1430007,1,7
2025-03-03,1430007,12.6,7
2025-03-02,1430007,13.2,7
2025-03-01,1430007,3,7
2025-02-28,1430007,0.4,7
2025-02-27,1430007,18.8,7
2025-02-26,1430007,3,7
2025-02-25,1430007,31.8,7
2025-02-24,1430007,24.8,7
2025-02-23,1430007,71.8,7
2025-02-22,1430007,3.4,7
2025-02-21,1430007,11.6,7
2025-02-20,1430007,10,7
2025-02-19,1430007,39.4,7
2025-02-18,1430007,8.6,7
2025-02-17,1430007,21,7
2025-02-16,1430007,53,7
2025-02-15,1430007,0,7
2025-02-14,1430007,10,7
2025-02-13,1430007,1,7
2025-02-12,1430007,21.6,7
2025-02-11,1430007,21.4,7
2025-02-10,1430007,7.8,7
2025-02-09,1430007,0.2,7
2025-02-08,1430007,21.2,7
2025-02-07,1430007,22.4,7
2025-02-06,1430007,26.4,7
2025-02-05,1430007,0.2,7
2025-02-04,1430007,14,7
2025-02-03,1430007,0,7
2025-02-02,1430007,0.2,7
2025-02-01,1430007,2.4,7
2025-01-31,1430007,0,7
2025-01-30,1430007,9.8,7
2025-01-29,1430007,2,7
2025-01-28,1430007,0.2,7
2025-01-27,1430007,0,7
2025-01-26,1430007,0.2,7
2025-01-25,1430007,0,7
2025-01-24,1430007,0.4,7
2025-01-23,1430007,11.6,7
2025-01-22,1430007,26.4,7
2025-01-21,1430007,1.2,7
2025-01-20,1430007,0,7
2025-01-19,1430007,0.8,7
2025-01-18,1430007,0.2,7
2025-01-17,1430007,5.2,7
2025-01-16,1430007,15,7
2025-01-15,1430007,1.4,7
2025-01-14,1430007,21.4,7
2025-01-13,1430007,16.4,7
2025-01-12,1430007,2.2,7
2025-01-11,1430007,21.8,7
2025-01-10,1430007,5,7
2025-01-09,1430007,19.6,7
2025-01-08,1430007,21.4,7
2025-01-07,1430007,73.6,7
2025-01-06,1430007,9,7
2025-01-05,1430007,0,7
2025-01-04,1430007,0.2,7
2025-01-03,1430007,1.4,7
2025-01-02,1430007,8.4,7
2025-01-01,1430007,0.8,7
2024-12-31,1430007,0,7
2024-12-30,1430007,0.2,7
2024-12-29,1430007,7,7
2024-12-28,1430007,1.4,7
2024-12-27,1430007,0,7
2024-12-26,1430007,2.4,7
2024-12-25,1430007,13.8,7
2024-12-24,1430007,23,7
2024-12-23,1430007,0,7
2024-12-22,1430007,0.8,7
2024-12-21,1430007,6.4,7
2024-12-20,1430007,46.4,7
2024-12-19,1430007,2.2,7
2024-12-18,1430007,0,7
2024-12-17,1430007,22.8,7
2024-12-16,1430007,1.8,7
2024-12-15,1430007,3.2,7
2024-12-14,1430007,0.2,7
2024-12-13,1430007,0,7
2024-12-12,1430007,0,7
2024-12-11,1430007,0,7
2024-12-10,1430007,0,7
2024-12-09,1430007,0,7
2024-12-08,1430007,0.4,7
2024-12-07,1430007,0,7
2024-12-06,1430007,0.2,7
2024-12-05,1430007,0.2,7
2024-12-04,1430007,0.2,7
2024-12-03,1430007,2,7
2024-12-02,1430007,0,7
2024-12-01,1430007,0,7
2024-11-30,1430007,0,7
2024-11-29,1430007,0.2,7
2024-11-28,1430007,1.4,7
2024-11-27,1430007,0,7
2024-11-26,1430007,0,7
2024-11-25,1430007,0.2,7
2024-11-24,1430007,0,7
2024-11-23,1430007,0,7
2024-11-22,1430007,1.4,7
2024-11-21,1430007,0.4,7
2024-11-20,1430007,1.4,7
2024-11-19,1430007,4.2,7
2024-11-18,1430007,0.2,7
2024-11-17,1430007,0,7
2024-11-16,1430007,0.4,7
2024-11-15,1430007,19,7
2024-11-14,1430007,13.6,7
2024-11-13,1430007,14.8,7
2024-11-12,1430007,21.8,7
2024-11-11,1430007,19.4,7
2024-11-10,1430007,0,7
2024-11-09,1430007,0.8,7
2024-11-08,1430007,4.6,7
2024-11-07,1430007,0.4,7
2024-11-06,1430007,12.6,7
2024-11-05,1430007,3.6,7
2024-11-04,1430007,0,7
2024-11-03,1430007,0,7
2024-11-02,1430007,0,7
2024-11-01,1430007,0.8,7
2024-10-31,1430007,0,7
2024-10-30,1430007,0,7
2024-10-29,1430007,0,7
2024-10-28,1430007,0,7
2024-10-27,1430007,0.8,7
2024-10-26,1430007,0.8,7
2024-10-25,1430007,0,7
2024-10-24,1430007,0,7
2024-10-23,1430007,11,7
2024-10-22,1430007,41,7
2024-10-21,1430007,13.8,7
2024-10-20,1430007,0.2,7
2024-10-19,1430007,0,7
2024-10-18,1430007,3.6,7
2024-10-17,1430007,0.4,7
2024-10-16,1430007,7,7
2024-10-15,1430007,4,7
2024-10-14,1430007,0,7
2024-10-13,1430007,0,7
2024-10-12,1430007,0,7
2024-10-11,1430007,0,7
2024-10-10,1430007,0,7
2024-10-09,1430007,0,7
2024-10-08,1430007,1.4,7
2024-10-07,1430007,0,7
2024-10-06,1430007,0,7
2024-10-05,1430007,0,7
2024-10-04,1430007,0.2,7
2024-10-03,1430007,0,7
2024-10-02,1430007,0,7
2024-10-01,1430007,0,7
2024-09-30,1430007,0,7
2024-09-29,1430007,3,7
2024-09-28,1430007,0,7
2024-09-27,1430007,4.2,7
2024-09-26,1430007,0,7
2024-09-25,1430007,0,7
2024-09-24,1430007,0,7
2024-09-23,1430007,23.6,7
2024-09-22,1430007,0.2,7
2024-09-21,1430007,4.4,7
2024-09-20,1430007,3.4,7
2024-09-19,1430007,0.6,7
2024-09-18,1430007,17.4,7
2024-09-17,1430007,0.4,7
2024-09-16,1430007,1,7
2024-09-15,1430007,0.2,7
2024-09-14,1430007,0,7
2024-09-13,1430007,0.6,7
2024-09-12,1430007,0.2,7
2024-09-11,1430007,4.2,7
2024-09-10,1430007,21.4,7
2024-09-09,1430007,0.6,7
2024-09-08,1430007,0,7
2024-09-07,1430007,0.2,7
2024-09-06,1430007,0,7
2024-09-05,1430007,0,7
2024-09-04,1430007,0,7
2024-09-03,1430007,0,7
2024-09-02,1430007,0,7
2024-09-01,1430007,0,7
2024-08-31,1430007,0.6,7
2024-08-30,1430007,0.2,7
2024-08-29,1430007,0.2,7
2024-08-28,1430007,0,7
2024-08-27,1430007,0,7
2024-08-26,1430007,0,7
2024-08-25,1430007,0,7
2024-08-24,1430007,0,7
2024-08-23,1430007,0.6,7
2024-08-22,1430007,0,7
2024-08-21,1430007,0,7
2024-08-20,1430007,0,7
2024-08-19,1430007,0,7
2024-08-18,1430007,0,7
2024-08-17,1430007,0,7
2024-08-16,1430007,0,7
2024-08-15,1430007,0.6,7
2024-08-14,1430007,0,7
2024-08-13,1430007,0,7
2024-08-12,1430007,0,7
2024-08-11,1430007,0,7
2024-08-10,1430007,0,7
2024-08-09,1430007,0,7
2024-08-08,1430007,0,7
2024-08-07,1430007,0,7
2024-08-06,1430007,0,7
2024-08-05,1430007,0.8,7
2024-08-04,1430007,0,7
2024-08-03,1430007,2.2,7
2024-08-02,1430007,0.2,7
2024-08-01,1430007,0,7
2024-07-31,1430007,0,7
2024-07-30,1430007,0,7
2024-07-29,1430007,0,7
2024-07-28,1430007,0,7
2024-07-27,1430007,0,7
2024-07-26,1430007,0,7
2024-07-25,1430007,0,7
2024-07-24,1430007,0,7
2024-07-23,1430007,0,7
2024-07-22,1430007,0,7
2024-07-21,1430007,0,7
2024-07-20,1430007,0,7
2024-07-19,1430007,0,7
2024-07-18,1430007,0,7
2024-07-17,1430007,0,7
2024-07-16,1430007,0,7
2024-07-15,1430007,0,7
2024-07-14,1430007,0,7
2024-07-13,1430007,0,7
2024-07-12,1430007,0,7
2024-07-11,1430007,0,7
2024-07-10,1430007,0,7
2024-07-09,1430007,0,7
2024-12-11,1430009,0,7
2024-12-10,1430009,0,7
2024-12-09,1430009,0,7
2024-12-08,1430009,0,7
2024-12-07,1430009,0,7
2024-12-06,1430009,0,7
2024-12-05,1430009,0,7
2024-12-04,1430009,0,7
2024-12-03,1430009,0,7
2024-12-02,1430009,0,7
2024-12-01,1430009,0,7
2024-11-30,1430009,0,7
2024-11-29,1430009,0,7
2024-11-28,1430009,2.2,7
2024-11-27,1430009,0,7
2024-11-26,1430009,0.6,7
2024-11-25,1430009,0,7
2024-11-24,1430009,0,7
2024-11-23,1430009,0,7
2024-11-22,1430009,1.2,7
2024-11-21,1430009,0.4,7
2024-11-20,1430009,5.4,7
2024-11-19,1430009,7.2,7
2024-11-18,1430009,3.6,7
2024-11-17,1430009,0,7
2024-11-16,1430009,7.2,7
2024-11-15,1430009,1.2,7
2024-11-14,1430009,0,7
2024-11-13,1430009,9.6,7
2024-11-12,1430009,20,7
2024-11-11,1430009,17.2,7
2024-11-10,1430009,0.2,7
2024-11-09,1430009,2,7
2024-11-08,1430009,1.4,7
2024-11-07,1430009,0,7
2024-11-06,1430009,13.8,7
2024-11-05,1430009,3.8,7
2024-11-04,1430009,1,7
2024-11-03,1430009,0,7
2024-11-02,1430009,0,7
2024-11-01,1430009,0,7
2024-10-31,1430009,0,7
2024-10-30,1430009,0,7
2024-10-29,1430009,0,7
2024-10-28,1430009,0.4,7
2024-10-27,1430009,0,7
2024-10-26,1430009,0,7
2024-10-25,1430009,0,7
2024-10-24,1430009,0,7
2024-10-23,1430009,14,7
2024-10-22,1430009,62.4,7
2024-10-21,1430009,4.6,7
2024-10-20,1430009,0,7
2024-10-19,1430009,0,7
2024-10-18,1430009,8.4,7
2024-10-17,1430009,0,7
2024-10-16,1430009,0.2,7
2024-10-15,1430009,1.6,7
2024-10-14,1430009,0,7
2024-10-13,1430009,0,7
2024-10-12,1430009,0,7
2024-10-11,1430009,0,7
2024-10-10,1430009,0,7
2024-10-09,1430009,0,7
2024-10-08,1430009,0,7
2024-10-07,1430009,0,7
2024-10-06,1430009,0,7
2024-10-05,1430009,0,7
2024-10-04,1430009,0,7
2024-10-03,1430009,0,7
2024-10-02,1430009,0,7
2024-10-01,1430009,0,7
2024-09-30,1430009,0,7
2024-09-29,1430009,2.4,7
2024-09-28,1430009,0,7
2024-09-27,1430009,0,7
2024-09-26,1430009,0,7
2024-09-25,1430009,0,7
2024-09-24,1430009,0,7
2024-09-23,1430009,2.6,7
2024-09-22,1430009,0.6,7
2024-09-21,1430009,0,7
2024-09-20,1430009,0,7
2024-09-19,1430009,4,7
2024-09-18,1430009,39,7
2024-09-17,1430009,0,7
2024-09-16,1430009,1.6,7
2024-09-15,1430009,182.3,7
2024-09-14,1430009,0,7
2024-09-13,1430009,1.2,7
2024-09-12,1430009,0,7
2024-09-11,1430009,0,7
2024-09-10,1430009,0,7
2024-09-09,1430009,0,7
2024-09-08,1430009,0,7
2024-09-07,1430009,0,7
2024-09-06,1430009,0,7
2024-09-05,1430009,0,7
2024-09-04,1430009,0,7
2024-09-03,1430009,0,7
2024-09-02,1430009,0,7
2024-09-01,1430009,0,7
2024-08-31,1430009,0,7
2024-08-30,1430009,0,7
2024-08-29,1430009,0,7
2024-08-28,1430009,0,7
2024-08-27,1430009,0,7
2024-08-26,1430009,0,7
2024-08-25,1430009,0,7
2024-08-24,1430009,0,7
2024-08-23,1430009,0,7
2024-08-22,1430009,0,7
2024-08-21,1430009,0,7
2024-08-20,1430009,0,7
2024-08-19,1430009,0,7
2024-08-18,1430009,0,7
2024-08-17,1430009,0,7
2024-08-16,1430009,0,7
2024-08-15,1430009,0,7
2024-08-14,1430009,0,7
2024-08-13,1430009,0,7
2024-08-12,1430009,0,7
2024-08-11,1430009,0,7
2024-08-10,1430009,0.2,7
2024-08-09,1430009,0,7
2024-08-08,1430009,0,7
2024-08-07,1430009,0,7
2024-08-06,1430009,0,7
2024-08-05,1430009,0,7
2024-08-04,1430009,0,7
2024-08-03,1430009,3.2,7
2024-08-02,1430009,0.8,7
2024-08-01,1430009,0,7
2024-07-31,1430009,0,7
2024-07-30,1430009,0,7
2024-07-29,1430009,0,7
2024-07-28,1430009,0,7
2024-07-27,1430009,0,7
2024-07-26,1430009,0,7
2024-07-25,1430009,0,7
2024-07-24,1430009,0,7
2024-07-23,1430009,0,7
2024-07-22,1430009,0,7
2024-07-21,1430009,0,7
2024-07-20,1430009,0,7
2024-07-19,1430009,0,7
2024-07-18,1430009,0,7
2024-07-17,1430009,0,7
2024-07-16,1430009,0,7
2024-07-15,1430009,0,7
2024-07-14,1430009,0,7
2024-07-13,1430009,0,7
2024-07-12,1430009,0,7
2024-07-11,1430009,0,7
2024-07-10,1430009,0,7
2024-07-09,1430009,0.2,7
2025-03-31,1430005,0,7
2025-03-30,1430005,5.6,7
2025-03-29,1430005,108.8,7
2025-03-28,1430005,29.6,7
2025-03-27,1430005,13.6,7
2025-03-26,1430005,10,7
2025-03-25,1430005,15.8,7
2025-03-24,1430005,23.4,7
2025-03-23,1430005,0,7
2025-03-22,1430005,0,7
2025-03-21,1430005,0,7
2025-03-20,1430005,3,7
2025-03-19,1430005,8.6,7
2025-03-18,1430005,0.4,7
2025-03-17,1430005,8.2,7
2025-03-16,1430005,0.2,7
2025-03-15,1430005,1.6,7
2025-03-14,1430005,1.8,7
2025-03-13,1430005,25.4,7
2025-03-12,1430005,8.2,7
2025-03-11,1430005,0,7
2025-03-10,1430005,0,7
2025-03-09,1430005,1,7
2025-03-08,1430005,1,7
2025-03-07,1430005,2,7
2025-03-06,1430005,0,7
2025-03-05,1430005,0,7
2025-03-04,1430005,0,7
2025-03-03,1430005,0.8,7
2025-03-02,1430005,15,7
2025-03-01,1430005,29,7
2025-02-28,1430005,0.2,7
2025-02-27,1430005,0,7
2025-02-26,1430005,2.4,7
2025-02-25,1430005,16.4,7
2025-02-24,1430005,1,7
2025-02-23,1430005,0.2,7
2025-02-22,1430005,14.4,7
2025-02-21,1430005,0,7
2025-02-20,1430005,1.6,7
2025-02-19,1430005,132.6,7
2025-02-18,1430005,17.8,7
2025-02-17,1430005,1,7
2025-02-16,1430005,0,7
2025-02-15,1430005,0,7
2025-02-14,1430005,20.2,7
2025-02-13,1430005,0,7
2025-02-12,1430005,1,7
2025-02-11,1430005,1.6,7
2025-02-10,1430005,15.2,7
2025-02-09,1430005,0.2,7
2025-02-08,1430005,0,7
2025-02-07,1430005,46.2,7
2025-02-06,1430005,0,7
2025-02-05,1430005,0,7
2025-02-04,1430005,20.2,7
2025-02-03,1430005,0,7
2025-02-02,1430005,0.2,7
2025-02-01,1430005,10.2,7
2025-01-31,1430005,3.4,7
2025-01-30,1430005,4,7
2025-01-29,1430005,0,7
2025-01-28,1430005,0,7
2025-01-27,1430005,0,7
2025-01-26,1430005,0,7
2025-01-25,1430005,7.6,7
2025-01-24,1430005,4.2,7
2025-01-23,1430005,0,7
2025-01-22,1430005,0,7
2025-01-21,1430005,0,7
2025-01-20,1430005,0,7
2025-01-19,1430005,0,7
2025-01-18,1430005,0,7
2025-01-17,1430005,0,7
2025-01-16,1430005,6.8,7
2025-01-15,1430005,0,7
2025-01-14,1430005,15,7
2025-01-13,1430005,0,7
2025-01-12,1430005,77.6,7
2025-01-11,1430005,1,7
2025-01-10,1430005,0.2,7
2025-01-09,1430005,0.4,7
2025-01-08,1430005,24.8,7
2025-01-07,1430005,7,7
2025-01-06,1430005,18.2,7
2025-01-05,1430005,0,7
2025-01-04,1430005,0,7
2025-01-03,1430005,0,7
2025-01-02,1430005,14.8,7
2025-01-01,1430005,0,7
2024-12-31,1430005,0,7
2024-12-30,1430005,0,7
2024-12-29,1430005,27.8,7
2024-12-28,1430005,18.6,7
2024-12-27,1430005,0,7
2024-12-26,1430005,0,7
2024-12-25,1430005,0,7
2024-12-24,1430005,0.2,7
2024-12-23,1430005,0,7
2024-12-22,1430005,28.2,7
2024-12-21,1430005,10,7
2024-12-20,1430005,87.8,7
2024-12-19,1430005,0,7
2024-12-18,1430005,0,7
2024-12-17,1430005,50.6,7
2024-12-16,1430005,4.6,7
2024-12-15,1430005,0,7
2024-12-14,1430005,0.6,7
2024-12-13,1430005,0.2,7
2024-12-12,1430005,26.8,7
2024-12-11,1430005,0,7
2024-12-10,1430005,0,7
2024-12-09,1430005,0,7
2024-12-08,1430005,0,7
2024-12-07,1430005,0,7
2024-12-06,1430005,0,7
2024-12-05,1430005,0,7
2024-12-04,1430005,0,7
2024-12-03,1430005,0,7
2024-12-02,1430005,0,7
2024-12-01,1430005,0,7
2024-11-30,1430005,0,7
2024-11-29,1430005,0,7
2024-11-28,1430005,7.8,7
2024-11-27,1430005,0,7
2024-11-26,1430005,2.4,7
2024-11-25,1430005,0,7
2024-11-24,1430005,0,7
2024-11-23,1430005,9.2,7
2024-11-22,1430005,2.6,7
2024-11-21,1430005,0,7
2024-11-20,1430005,0.4,7
2024-11-19,1430005,1.2,7
2024-11-18,1430005,0.6,7
2024-11-17,1430005,0,7
2024-11-16,1430005,0,7
2024-11-15,1430005,4.4,7
2024-11-14,1430005,8.6,7
2024-11-13,1430005,26.6,7
2024-11-12,1430005,58,7
2024-11-11,1430005,25.4,7
2024-11-10,1430005,3.4,7
2024-11-09,1430005,0.4,7
2024-11-08,1430005,0.4,7
2024-11-07,1430005,0,7
2024-11-06,1430005,22.8,7
2024-11-05,1430005,2.6,7
2024-11-04,1430005,0,7
2024-11-03,1430005,0,7
2024-11-02,1430005,0,7
2024-11-01,1430005,0,7
2024-10-31,1430005,0,7
2024-10-30,1430005,0,7
2024-10-29,1430005,0,7
2024-10-28,1430005,3,7
2024-10-27,1430005,0,7
2024-10-26,1430005,0,7
2024-10-25,1430005,0,7
2024-10-24,1430005,0,7
2024-10-23,1430005,10.2,7
2024-10-22,1430005,85.4,7
2024-10-21,1430005,10.2,7
2024-10-20,1430005,0,7
2024-10-19,1430005,0.2,7
2024-10-18,1430005,21.4,7
2024-10-17,1430005,0,7
2024-10-16,1430005,0,7
2024-10-15,1430005,0.2,7
2024-10-14,1430005,0,7
2024-10-13,1430005,0,7
2024-10-12,1430005,0,7
2024-10-11,1430005,0,7
2024-10-10,1430005,0,7
2024-10-09,1430005,0,7
2024-10-08,1430005,0,7
2024-10-07,1430005,0,7
2024-10-06,1430005,0,7
2024-10-05,1430005,0,7
2024-10-04,1430005,0,7
2024-10-03,1430005,0,7
2024-10-02,1430005,0,7
2024-10-01,1430005,1.6,7
2024-09-30,1430005,0,7
2024-09-29,1430005,0.6,7
2024-09-28,1430005,0,7
2024-09-27,1430005,7.6,7
2024-09-26,1430005,0,7
2024-09-25,1430005,0,7
2024-09-24,1430005,0,7
2024-09-23,1430005,0,7
2024-09-22,1430005,43.4,7
2024-09-21,1430005,4.8,7
2024-09-20,1430005,0,7
2024-09-19,1430005,4.4,7
2024-09-18,1430005,66.2,7
2024-09-17,1430005,2.4,7
2024-09-16,1430005,0.2,7
2024-09-15,1430005,3,7
2024-09-14,1430005,0.2,7
2024-09-13,1430005,13.6,7
2024-09-12,1430005,0,7
2024-09-11,1430005,0,7
2024-09-10,1430005,0,7
2024-09-09,1430005,1.4,7
2024-09-08,1430005,0,7
2024-09-07,1430005,0,7
2024-09-06,1430005,0,7
2024-09-05,1430005,0,7
2024-09-04,1430005,0,7
2024-09-03,1430005,0,7
2024-09-02,1430005,0,7
2024-09-01,1430005,0,7
2024-08-31,1430005,0,7
2024-08-30,1430005,0,7
2024-08-29,1430005,0,7
2024-08-28,1430005,0,7
2024-08-27,1430005,0,7
2024-08-26,1430005,0,7
2024-08-25,1430005,0,7
2024-08-24,1430005,0,7
2024-08-23,1430005,0,7
2024-08-22,1430005,0,7
2024-08-21,1430005,0,7
2024-08-20,1430005,0,7
2024-08-19,1430005,0,7
2024-08-18,1430005,0,7
2024-08-17,1430005,0,7
2024-08-16,1430005,0,7
2024-08-15,1430005,6.6,7
2024-08-14,1430005,0.2,7
2024-08-13,1430005,0,7
2024-08-12,1430005,0,7
2024-08-11,1430005,0,7
2024-08-10,1430005,0,7
2024-08-09,1430005,0,7
2024-08-08,1430005,0,7
2024-08-07,1430005,0,7
2024-08-06,1430005,0,7
2024-08-05,1430005,3.2,7
2024-08-04,1430005,0,7
2024-08-03,1430005,1.2,7
2024-08-02,1430005,0,7
2024-08-01,1430005,0,7
2024-07-31,1430005,0,7
2024-07-30,1430005,0,7
2024-07-29,1430005,0,7
2024-07-28,1430005,0,7
2024-07-27,1430005,0,7
2024-07-26,1430005,0,7
2024-07-25,1430005,0.2,7
2024-07-24,1430005,0,7
2024-07-23,1430005,0,7
2024-07-22,1430005,0,7
2024-07-21,1430005,0,7
2024-07-20,1430005,0,7
2024-07-19,1430005,0,7
2024-07-18,1430005,0,7
2024-07-17,1430005,0,7
2024-07-16,1430005,0,7
2024-07-15,1430005,0,7
2024-07-14,1430005,0,7
2024-07-13,1430005,0,7
2024-07-12,1430005,0,7
2024-07-11,1430005,0,7
2024-07-10,1430005,2.6,7
2024-07-09,1430005,2.2,7
2024-02-09,1430003,0,7
2024-02-10,1430003,0,7
2024-02-11,1430003,0,7
2024-02-12,1430003,3.4,7
2024-02-13,1430003,3.4,7
2024-02-14,1430003,0,7
2024-02-15,1430003,0,7
2024-02-16,1430003,0,7
2024-02-17,1430003,0,7
2024-02-18,1430003,0,7
2024-02-19,1430003,0,7
2024-02-20,1430003,9.8,7
2024-02-21,1430003,1.2,7
2024-02-22,1430003,0,7
2024-02-23,1430003,0,7
2024-02-24,1430003,0,7
2024-02-25,1430003,0.2,7
2024-02-26,1430003,0,7
2024-02-27,1430003,1.6,7
2024-02-28,1430003,46,7
2024-02-29,1430003,1,7
2024-03-01,1430003,0,7
2024-03-02,1430003,0,7
2024-03-03,1430003,0,7
2024-03-04,1430003,0.8,7
2024-03-05,1430003,0.2,7
2024-03-06,1430003,0,7
2024-03-07,1430003,0,7
2024-03-08,1430003,0,7
2024-03-09,1430003,0.2,7
2024-03-10,1430003,13.6,7
2024-03-11,1430003,18.8,7
2024-03-12,1430003,12.8,7
2024-03-13,1430003,1.2,7
2024-03-14,1430003,0,7
2024-03-15,1430003,0,7
2024-03-16,1430003,27.4,7
2024-03-17,1430003,0,7
2024-03-18,1430003,6,7
2024-03-19,1430003,2.8,7
2024-03-20,1430003,0.6,7
2024-03-21,1430003,0.2,7
2024-03-22,1430003,0,7
2024-03-23,1430003,2.4,7
2024-03-24,1430003,1,7
2024-03-25,1430003,1.6,7
2024-03-26,1430003,2.6,7
2024-03-27,1430003,13,7
2024-03-28,1430003,8.6,7
2024-03-29,1430003,0.6,7
2024-03-30,1430003,0.2,7
2024-03-31,1430003,0,7
2024-04-01,1430003,4.4,7
2024-04-02,1430003,0,7
2024-04-03,1430003,0.4,7
2024-04-04,1430003,0.4,7
2024-04-05,1430003,0.6,7
2024-04-06,1430003,0,7
2024-04-07,1430003,0.2,7
2024-04-08,1430003,3.2,7
2024-04-09,1430003,7.8,7
2024-04-10,1430003,8.4,7
2024-04-11,1430003,7,7
2024-04-12,1430003,3,7
2024-04-13,1430003,5.2,7
2024-04-14,1430003,0.2,7
2024-04-15,1430003,0.6,7
2024-04-16,1430003,0.2,7
2024-04-17,1430003,0.2,7
2024-04-18,1430003,0,7
2024-04-19,1430003,0,7
2024-04-20,1430003,0,7
2024-04-21,1430003,0,7
2024-04-22,1430003,0,7
2024-04-23,1430003,0,7
2024-04-24,1430003,0,7
2024-04-25,1430003,0,7
2024-04-26,1430003,0,7
2024-04-27,1430003,0,7
2024-04-28,1430003,0,7
2024-04-29,1430003,4.2,7
2024-04-30,1430003,0,7
2024-05-01,1430003,0.2,7
2024-05-02,1430003,0,7
2024-05-03,1430003,0,7
2024-05-04,1430003,0,7
2024-05-05,1430003,0,7
2024-05-06,1430003,0,7
2024-05-07,1430003,0,7
2024-05-08,1430003,0,7
2024-05-09,1430003,0.4,7
2024-05-10,1430003,0.2,7
2024-05-11,1430003,0,7
2024-05-12,1430003,0,7
2024-05-13,1430003,0,7
2024-05-14,1430003,0,7
2024-05-15,1430003,0.2,7
2024-05-16,1430003,0,7
2024-05-17,1430003,0,7
2024-05-18,1430003,0,7
2024-05-19,1430003,0,7
2024-05-20,1430003,0,7
2024-05-21,1430003,0.4,7
2024-05-22,1430003,0,7
2024-05-23,1430003,0,7
2024-05-24,1430003,0.6,7
2024-05-25,1430003,0,7
2024-05-26,1430003,0,7
2024-05-27,1430003,0.4,7
2024-05-28,1430003,0,7
2024-05-29,1430003,0,7
2024-05-30,1430003,3.8,7
2024-05-31,1430003,0.2,7
2024-06-01,1430003,0,7
2024-06-02,1430003,0,7
2024-06-03,1430003,0,7
2024-06-04,1430003,0,7
2024-06-05,1430003,0,7
2024-06-06,1430003,0,7
2024-06-07,1430003,0,7
2024-06-08,1430003,0,7
2024-06-09,1430003,0,7
2024-06-10,1430003,0,7
2024-06-11,1430003,0,7
2024-06-12,1430003,0,7
2024-06-13,1430003,0,7
2024-06-14,1430003,0,7
2024-06-15,1430003,0,7
2024-06-16,1430003,3.4,7
2024-06-17,1430003,2,7
2024-06-18,1430003,0,7
2024-06-19,1430003,0,7
2024-06-20,1430003,0,7
2024-06-21,1430003,0,7
2024-06-22,1430003,0,7
2024-06-23,1430003,0,7
2024-06-24,1430003,0,7
2024-06-25,1430003,2.2,7
2024-06-26,1430003,0,7
2024-06-27,1430003,2.6,7
2024-06-28,1430003,11.2,7
2024-06-29,1430003,1.4,7
2024-06-30,1430003,0,7
2024-07-01,1430003,0,7
2024-07-02,1430003,0,7
2024-07-03,1430003,0,7
2024-07-04,1430003,0,7
2024-07-05,1430003,0,7
2024-07-06,1430003,0,7
2024-07-07,1430003,0,7
2024-07-08,1430003,0,7
2024-07-09,1430003,0,7
2024-07-10,1430003,0,7
2024-07-11,1430003,0,7
2024-07-12,1430003,0,7
2024-07-13,1430003,0,7
2024-07-14,1430003,0,7
2024-07-15,1430003,0,7
2024-07-16,1430003,0,7
2024-07-17,1430003,0,7
2024-07-18,1430003,0,7
2024-07-19,1430003,0,7
2024-07-20,1430003,0,7
2024-07-21,1430003,0,7
2024-07-22,1430003,0,7
2024-07-23,1430003,0,7
2024-07-24,1430003,0,7
2024-07-25,1430003,0,7
2024-07-26,1430003,0,7
2024-07-27,1430003,0,7
2024-07-28,1430003,0,7
2024-07-29,1430003,0,7
2024-07-30,1430003,0,7
2024-07-31,1430003,0,7
2024-08-01,1430003,0,7
2024-08-02,1430003,0.4,7
2024-08-03,1430003,0.4,7
2024-08-04,1430003,0,7
2024-08-05,1430003,0,7
2024-08-06,1430003,0,7
2024-08-07,1430003,0,7
2024-08-08,1430003,0.2,7
2024-08-09,1430003,0.2,7
2024-08-10,1430003,0,7
2024-08-11,1430003,0,7
2024-08-12,1430003,0,7
2024-08-13,1430003,0,7
2024-08-14,1430003,0,7
2024-08-15,1430003,0,7
2024-08-16,1430003,0.2,7
2024-08-17,1430003,1,7
2024-08-18,1430003,0,7
2024-08-19,1430003,0,7
2024-08-20,1430003,0,7
2024-08-21,1430003,0,7
2024-08-22,1430003,0,7
2024-08-23,1430003,0,7
2024-08-24,1430003,1.2,7
2024-08-25,1430003,4.2,7
2024-08-26,1430003,0,7
2024-08-27,1430003,0,7
2024-08-28,1430003,0,7
2024-08-29,1430003,0,7
2024-08-30,1430003,0,7
2024-08-31,1430003,4.2,7
2024-09-01,1430003,1.8,7
2024-09-02,1430003,0.6,7
2024-09-03,1430003,0,7
2024-09-04,1430003,0,7
2024-09-05,1430003,0.2,7
2024-09-06,1430003,0,7
2024-09-07,1430003,0,7
2024-09-08,1430003,0,7
2024-09-09,1430003,0,7
2024-09-10,1430003,0,7
2024-09-11,1430003,0.2,7
2024-09-12,1430003,0.2,7
2024-09-13,1430003,0.2,7
2024-09-14,1430003,0,7
2024-09-15,1430003,0,7
2024-09-16,1430003,0,7
2024-09-17,1430003,0,7
2024-09-18,1430003,0,7
2024-09-19,1430003,0,7
2024-09-20,1430003,0,7
2024-09-21,1430003,0.2,7
2024-09-22,1430003,1.4,7
2024-09-23,1430003,8,7
2024-09-24,1430003,1,7
2024-09-25,1430003,0.8,7
2024-09-26,1430003,0,7
2024-09-27,1430003,0,7
2024-09-28,1430003,0,7
2024-09-29,1430003,0,7
2024-09-30,1430003,0,7
2024-10-01,1430003,0,7
2024-10-02,1430003,0.2,7
2024-10-03,1430003,2.8,7
2024-10-04,1430003,2.6,7
2024-10-05,1430003,2.8,7
2024-10-06,1430003,0,7
2024-10-07,1430003,0,7
2024-10-08,1430003,0,7
2024-10-09,1430003,0,7
2024-10-10,1430003,0,7
2024-10-11,1430003,0,7
2024-10-12,1430003,0,7
2024-10-13,1430003,0,7
2024-10-14,1430003,0,7
2024-10-15,1430003,0,7
2024-10-16,1430003,24.2,7
2024-10-17,1430003,2.2,7
2024-10-18,1430003,0,7
2024-10-19,1430003,0,7
2024-10-20,1430003,0,7
2024-10-21,1430003,0,7
2024-10-22,1430003,0.2,7
2024-10-23,1430003,0,7
2024-10-24,1430003,0,7
2024-10-25,1430003,0.2,7
2024-10-26,1430003,0.4,7
2024-10-27,1430003,0,7
2024-10-28,1430003,1.2,7
2024-10-29,1430003,0.2,7
2024-10-30,1430003,0,7
2024-10-31,1430003,26.4,7
2024-11-01,1430003,1.6,7
2024-11-02,1430003,3,7
2024-11-03,1430003,0.2,7
2024-11-04,1430003,0,7
2024-11-05,1430003,0,7
2024-11-06,1430003,0,7
2024-11-07,1430003,0.6,7
2024-11-08,1430003,12,7
2024-11-09,1430003,1.4,7
2024-11-10,1430003,0.2,7
2024-11-11,1430003,0,7
2024-11-12,1430003,1,7
2024-11-13,1430003,5.2,7
2024-11-14,1430003,19.2,7
2024-11-15,1430003,2,7
2024-11-16,1430003,2.4,7
2024-11-17,1430003,0,7
2024-11-18,1430003,3.8,7
2024-11-19,1430003,0,7
2024-11-20,1430003,0,7
2024-11-21,1430003,0,7
2024-11-22,1430003,0,7
2024-11-23,1430003,0,7
2024-11-24,1430003,0,7
2024-11-25,1430003,0,7
2024-11-26,1430003,0,7
2024-11-27,1430003,1,7
2024-11-28,1430003,7.2,7
2024-11-29,1430003,13.4,7
2024-11-30,1430003,5.8,7
2024-12-01,1430003,3.4,7
2024-12-02,1430003,0,7
2024-12-03,1430003,0,7
2024-12-04,1430003,0,7
2024-12-05,1430003,0,7
2024-12-06,1430003,0,7
2024-12-07,1430003,0,7
2024-12-08,1430003,0,7
2024-12-09,1430003,0,7
2024-12-10,1430003,0.2,7
2024-12-11,1430003,0,7
2024-12-12,1430003,0,7
2024-12-13,1430003,0,7
2024-12-14,1430003,0,7
2024-12-15,1430003,5.4,7
2024-12-16,1430003,0,7
2024-12-17,1430003,0,7
2024-12-18,1430003,0,7
2024-12-19,1430003,0,7
2024-12-20,1430003,0,7
2024-12-21,1430003,0,7
2024-12-22,1430003,0,7
2024-12-23,1430003,0,7
2024-12-24,1430003,0,7
2024-12-25,1430003,37,7
2024-12-26,1430003,16.6,7
2024-12-27,1430003,1,7
2024-12-28,1430003,0,7
2024-12-29,1430003,3,7
2024-12-30,1430003,14,7
2024-12-31,1430003,0,7
2025-01-01,1430003,0.2,7
2025-01-02,1430003,0,7
2025-01-03,1430003,7.6,7
2025-01-04,1430003,19,7
2025-01-05,1430003,7.8,7
2025-01-06,1430003,0,7
2025-01-07,1430003,26.2,7
2025-01-08,1430003,2,7
2025-01-09,1430003,0,7
2025-01-10,1430003,17.2,7
2025-01-11,1430003,0.8,7
2025-01-12,1430003,8,7
2025-01-13,1430003,0,7
2025-01-14,1430003,0,7
2025-01-15,1430003,0.4,7
2025-01-16,1430003,48.4,7
2025-01-17,1430003,52.2,7
2025-01-18,1430003,11.6,7
2025-01-19,1430003,25.6,7
2025-01-20,1430003,5.6,7
2025-01-21,1430003,13.6,7
2025-01-22,1430003,6.8,7
2025-01-23,1430003,33.6,7
2025-01-24,1430003,28.8,7
2025-01-25,1430003,0.2,7
2025-01-26,1430003,3.2,7
2025-01-27,1430003,10.6,7
2025-01-28,1430003,10.6,7
2025-01-29,1430003,8.4,7
2025-01-30,1430003,0.2,7
2025-01-31,1430003,0,7
2025-02-01,1430003,0,7
2025-02-02,1430003,0,7
2025-02-03,1430003,0,7
2025-02-04,1430003,0,7
2025-02-05,1430003,0.2,7
2025-02-06,1430003,0,7
2025-02-07,1430003,0,7
2025-02-08,1430003,0.2,7
2025-02-09,1430003,116,7
2025-02-10,1430003,5.8,7
2025-02-11,1430003,1.6,7
2025-02-12,1430003,28,7
2025-02-13,1430003,15,7
2025-02-14,1430003,1.2,7
2025-02-15,1430003,23.2,7
2025-02-16,1430003,4.2,7
2025-02-17,1430003,1.8,7
2025-02-18,1430003,0.4,7
2025-02-19,1430003,12.8,7
2025-02-20,1430003,85.4,7
2025-02-21,1430003,6.8,7
2025-02-22,1430003,14,7
2025-02-23,1430003,48,7
2025-02-24,1430003,9.8,7
2025-02-25,1430003,5,7
2025-02-26,1430003,26.4,7
2025-02-27,1430003,7.8,7
2025-02-28,1430003,0.8,7
2025-03-01,1430003,1.4,7
2025-03-02,1430003,32.2,7
2025-03-03,1430003,0,7
2025-03-04,1430003,0,7
2025-03-05,1430003,5.6,7
2025-03-06,1430003,2.6,7
2025-03-07,1430003,0.2,7
2025-03-08,1430003,72.8,7
2025-03-09,1430003,3.6,7
2025-03-10,1430003,0,7
2025-03-11,1430003,3.2,7
2025-03-12,1430003,53.2,7
2025-03-13,1430003,29.4,7
2025-03-14,1430003,1.2,7
2025-03-15,1430003,0,7
2025-03-16,1430003,5.6,7
2025-03-17,1430003,5.6,7
2025-03-18,1430003,0.6,7
2025-03-19,1430003,0.8,7
2025-03-20,1430003,0.8,7
2025-03-21,1430003,0,7
2025-03-22,1430003,0,7
2025-03-23,1430003,0,7
2025-03-24,1430003,0,7
2025-03-25,1430003,0,7
2025-03-26,1430003,0,7
2025-03-27,1430003,0.2,7
2025-03-28,1430003,0.2,7
2025-03-29,1430003,0.2,7
2025-03-30,1430003,4.6,7
2025-03-31,1430003,0.6,7
