"TOA5,""Vumba"","""","""","""","""","""",""TableDay"""
"TIMESTAMP,""StationID"",""WSpd_Min"",""WSpd_TMn"",""WSpd_Max"",""WSpd_TMx"",""WSpd_Avg"",""WSpd_Std"",""WDir_Avg"",""WDir_Std"",""AirTemp_Min"",""AirTemp_TMn"",""AirTemp_Max"",""AirTemp_TMx"",""AirTemp_Avg"",""RH_Min"",""RH_TMn"",""RH_Max"",""RH_TMx"",""DewPointTemp_Min"",""DewPointTemp_TMn"",""DewPointTemp_Max"",""DewPointTemp_TMx"",""DewPointTemp_Avg"",""SlrW_Max"",""SlrW_TMx"",""SlrW_Avg"",""SlrMJ_Tot"",""Rain_Tot"",""BPress_Min"",""BPress_TMn"",""BPress_Max"",""BPress_TMx"",""BPress_Avg"",""LoggerSerialNumber"",""ProgramName"",""ProgramSignature"",""LoggerBattery_Min"",""LoggerBattery_TMn"",""LoggerBattery_Max"",""LoggerBattery_TMx"",""LoggerBattery_Avg"",""LoggerTemp_Min"",""LoggerTemp_TMn"",""LoggerTemp_Max"",""LoggerTemp_TMx"",""LoggerTemp_Avg"",""LoggerLithiumBatt_Avg"",""PingTime_Avg"",""ScanCount"",""HI_C_Max"",""HI_C_TMx"",""SVPWkPa_Avg"",""Vp_Avg"",""TwC_Avg"",""SunHrs_Tot"",""WC_C_Min"",""WC_C_TMn"",""ETos"",""Rso"",""Thermocouple_airTC_Avg"",""Thermocouple_airTC_Max"",""Thermocouple_airTC_Min"""
"TS,"""",""m/s"",""m/s"",""m/s"",""m/s"",""m/s"",""m/s"",""Deg"",""Deg"",""DegC"",""DegC"",""DegC"",""DegC"",""DegC"",""%"",""%"",""%"",""%"",""DegC"",""DegC"",""DegC"",""DegC"",""DegC"",""W/m^2"",""W/m^2"",""W/m^2"",""MJ/m^2"",""mm"",""hPa"",""hPa"",""hPa"",""hPa"",""hPa"","""","""","""",""V"",""V"",""V"",""V"",""V"",""degC"",""degC"",""degC"",""degC"",""degC"",""V"",""msec"","""",""Deg C"",""Deg C"",""kPa"","""",""Deg C"",""hours"",""Deg C"",""Deg C"",""mm"",""MJ/m²"",""DegC"",""DegC"",""DegC"""
",""Smp"",""Min"",""TMn"",""Max"",""TMx"",""Avg"",""Std"",""WVc"",""WVc"",""Min"",""TMn"",""Max"",""TMx"",""Avg"",""Min"",""TMn"",""Max"",""TMx"",""Min"",""TMn"",""Max"",""TMx"",""Avg"",""Max"",""TMx"",""Avg"",""Tot"",""Tot"",""Min"",""TMn"",""Max"",""TMx"",""Avg"",""Smp"",""Smp"",""Smp"",""Min"",""TMn"",""Max"",""TMx"",""Avg"",""Min"",""TMn"",""Max"",""TMx"",""Avg"",""Avg"",""Avg"",""Tot"",""Max"",""TMx"",""Avg"",""Avg"",""Avg"",""Tot"",""Min"",""TMn"",""ETXs"",""Rso"",""Avg"",""Max"",""Min"""
"2026-07-01 00:00:00,""AfMount_AWS_2_5135"",0.0,""2026-06-30 00:22:00"",9.2,""2026-06-30 18:10:00"",2.8,1.6,137.9,55.7,10.1,""2026-06-30 00:38:00"",19.2,""2026-06-30 10:44:00"",13.3,35.6,""2026-06-30 10:45:00"",100.0,""2026-06-30 23:14:00"",3.3,""2026-06-30 10:31:00"",11.3,""2026-06-30 18:30:00"",8.1,760.1,""2026-06-30 11:31:00"",183.3,15.8,0.0,831.2,""2026-06-30 02:59:00"",833.7,""2026-06-30 09:48:00"",832.3,""34705"",""CPU:African_Mountain_AWS2_5135_V1R0_20240805_Vumba_"",""1924"",12.4,""2026-06-30 06:20:00"",14.5,""2026-06-30 11:50:00"",12.9,9.2,""2026-06-30 04:11:00"",23.5,""2026-06-30 11:37:00"",14.7,3.7,135.2,86400.0,19.2,""2026-06-30 10:43:00"",1.5,1.1,10.3,8.8,10.1,""2026-06-30 00:38:00"",2.3,2.7,13.6,19.4,10.4"
"2026-07-02 00:00:00,""AfMount_AWS_2_5135"",0.0,""2026-07-01 10:41:00"",8.4,""2026-07-01 00:25:00"",3.4,1.0,110.9,24.4,9.7,""2026-07-01 06:13:00"",16.0,""2026-07-01 13:59:00"",11.6,66.1,""2026-07-01 14:00:00"",100.0,""2026-07-01 00:00:00"",7.9,""2026-07-01 20:26:00"",12.0,""2026-07-01 09:29:00"",10.0,867.1,""2026-07-01 11:26:00"",139.6,12.1,0.2,829.9,""2026-07-01 17:23:00"",833.4,""2026-07-01 10:01:00"",831.5,""34705"",""CPU:African_Mountain_AWS2_5135_V1R0_20240805_Vumba_"",""1924"",12.4,""2026-07-01 06:31:00"",14.6,""2026-07-01 08:57:00"",12.9,10.2,""2026-07-01 23:38:00"",20.9,""2026-07-01 14:46:00"",13.5,3.7,142.6,86400.0,16.0,""2026-07-01 14:00:00"",1.4,1.2,10.6,5.1,7.1,""2026-07-01 06:32:00"",1.6,2.7,12.0,16.6,10.0"
"2026-07-03 00:00:00,""AfMount_AWS_2_5135"",0.0,""2026-07-02 09:35:00"",7.7,""2026-07-02 09:17:00"",2.1,1.2,4.3,57.2,9.7,""2026-07-02 01:29:00"",20.8,""2026-07-02 14:07:00"",14.7,33.6,""2026-07-02 15:29:00"",98.5,""2026-07-02 00:07:00"",3.2,""2026-07-02 17:33:00"",10.1,""2026-07-02 00:06:00"",6.4,672.4,""2026-07-02 12:01:00"",178.6,15.4,0.0,829.4,""2026-07-02 04:04:00"",832.5,""2026-07-02 23:33:00"",830.9,""34705"",""CPU:African_Mountain_AWS2_5135_V1R0_20240805_Vumba_"",""1924"",12.4,""2026-07-02 06:20:00"",14.4,""2026-07-02 08:56:00"",12.9,9.6,""2026-07-02 02:11:00"",26.6,""2026-07-02 15:30:00"",15.7,3.7,177.7,86400.0,20.8,""2026-07-02 14:08:00"",1.7,1.0,9.9,8.9,7.3,""2026-07-02 01:30:00"",2.5,2.7,15.1,21.5,10.0"
"2026-07-04 00:00:00,""AfMount_AWS_2_5135"",0.0,""2026-07-03 00:00:00"",7.0,""2026-07-03 08:01:00"",2.8,1.2,161.9,36.0,9.9,""2026-07-03 23:59:00"",20.9,""2026-07-03 14:08:00"",14.9,32.7,""2026-07-03 09:34:00"",95.3,""2026-07-03 23:59:00"",1.5,""2026-07-03 06:23:00"",9.6,""2026-07-03 23:11:00"",5.3,669.8,""2026-07-03 14:06:00"",178.2,15.4,0.0,831.1,""2026-07-03 03:18:00"",834.5,""2026-07-03 21:06:00"",833.0,""34705"",""CPU:African_Mountain_AWS2_5135_V1R0_20240805_Vumba_"",""1924"",12.4,""2026-07-03 06:19:00"",14.4,""2026-07-03 08:45:00"",12.9,10.3,""2026-07-04 00:00:00"",25.5,""2026-07-03 14:17:00"",15.9,3.7,180.1,86400.0,20.9,""2026-07-03 14:09:00"",1.7,0.9,9.5,8.5,7.4,""2026-07-03 23:56:00"",2.4,2.7,15.2,21.3,10.2"
"2026-07-05 00:00:00,""AfMount_AWS_2_5135"",1.7,""2026-07-04 01:00:00"",9.9,""2026-07-04 05:39:00"",4.5,1.1,131.3,20.6,9.5,""2026-07-04 21:09:00"",16.4,""2026-07-04 12:39:00"",12.1,53.5,""2026-07-04 12:11:00"",100.0,""2026-07-04 02:38:00"",6.2,""2026-07-04 15:31:00"",11.5,""2026-07-04 08:18:00"",9.1,677.8,""2026-07-04 12:15:00"",177.1,15.3,0.0,832.8,""2026-07-04 04:45:00"",834.8,""2026-07-04 09:12:00"",833.7,""34705"",""CPU:African_Mountain_AWS2_5135_V1R0_20240805_Vumba_"",""1924"",12.4,""2026-07-04 06:00:00"",14.4,""2026-07-04 08:38:00"",12.9,9.9,""2026-07-04 22:17:00"",21.0,""2026-07-04 14:53:00"",13.9,3.7,126.2,86400.0,16.4,""2026-07-04 12:40:00"",1.4,1.2,10.4,8.2,6.9,""2026-07-04 21:09:00"",1.9,2.7,12.5,17.3,9.9"
"2026-07-06 00:00:00,""AfMount_AWS_2_5135"",0.0,""2026-07-05 02:59:00"",10.7,""2026-07-05 23:24:00"",3.3,1.2,129.5,24.3,8.3,""2026-07-05 06:17:00"",16.5,""2026-07-05 12:05:00"",11.8,42.6,""2026-07-05 12:11:00"",100.0,""2026-07-05 22:59:00"",3.0,""2026-07-05 02:33:00"",11.2,""2026-07-05 22:21:00"",8.3,718.9,""2026-07-05 12:31:00"",188.2,16.3,2.6,832.7,""2026-07-05 02:40:00"",835.4,""2026-07-05 10:43:00"",834.3,""34705"",""CPU:African_Mountain_AWS2_5135_V1R0_20240805_Vumba_"",""1924"",12.4,""2026-07-05 05:35:00"",14.9,""2026-07-05 14:49:00"",12.9,7.4,""2026-07-05 04:33:00"",21.3,""2026-07-05 14:43:00"",13.5,3.7,131.7,86400.0,16.5,""2026-07-05 12:06:00"",1.4,1.1,9.8,8.8,6.4,""2026-07-05 06:17:00"",2.2,2.7,12.1,17.4,8.4"
"2026-07-07 00:00:00,""AfMount_AWS_2_5135"",0.0,""2026-07-06 10:26:00"",9.9,""2026-07-06 05:52:00"",3.9,1.3,143.7,23.4,8.2,""2026-07-06 23:55:00"",14.3,""2026-07-06 13:27:00"",10.4,72.9,""2026-07-06 14:27:00"",100.0,""2026-07-06 00:00:00"",7.7,""2026-07-06 23:59:00"",13.1,""2026-07-06 13:24:00"",10.0,1032.6,""2026-07-06 12:01:00"",64.2,5.5,3.4,834.5,""2026-07-06 02:53:00"",838.0,""2026-07-06 22:13:00"",836.5,""34705"",""CPU:African_Mountain_AWS2_5135_V1R0_20240805_Vumba_"",""1924"",12.4,""2026-07-06 06:38:00"",15.4,""2026-07-06 11:59:00"",12.8,9.1,""2026-07-07 00:00:00"",17.2,""2026-07-06 13:44:00"",11.9,3.7,131.4,86400.0,14.3,""2026-07-06 13:27:00"",1.3,1.2,10.1,0.8,5.0,""2026-07-06 23:38:00"",0.7,2.7,10.7,14.9,8.6"
"2026-07-08 00:00:00,""AfMount_AWS_2_5135"",0.0,""2026-07-07 12:31:00"",8.4,""2026-07-07 08:13:00"",2.9,1.1,143.0,24.8,7.7,""2026-07-07 05:28:00"",13.2,""2026-07-07 13:35:00"",9.4,77.3,""2026-07-07 14:18:00"",100.0,""2026-07-07 10:44:00"",6.4,""2026-07-07 04:53:00"",11.5,""2026-07-07 13:31:00"",9.0,1029.2,""2026-07-07 12:12:00"",56.8,4.9,2.6,836.4,""2026-07-07 23:59:00"",838.6,""2026-07-07 10:21:00"",837.3,""34705"",""CPU:African_Mountain_AWS2_5135_V1R0_20240805_Vumba_"",""1924"",12.3,""2026-07-07 06:28:00"",14.8,""2026-07-07 12:15:00"",12.7,8.2,""2026-07-07 05:37:00"",16.4,""2026-07-07 14:32:00"",10.7,3.7,167.8,86400.0,13.2,""2026-07-07 13:35:00"",1.2,1.1,9.2,0.7,4.6,""2026-07-07 00:45:00"",0.6,2.7,9.7,13.3,8.1"
"2026-07-09 00:00:00,""AfMount_AWS_2_5135"",0.0,""2026-07-08 01:12:00"",5.5,""2026-07-08 00:14:00"",1.7,0.9,115.2,41.7,6.7,""2026-07-08 06:31:00"",15.1,""2026-07-08 14:54:00"",9.7,57.6,""2026-07-08 14:53:00"",100.0,""2026-07-08 00:00:00"",4.2,""2026-07-08 19:34:00"",8.7,""2026-07-08 00:06:00"",6.6,1022.8,""2026-07-08 11:27:00"",95.8,8.3,0.2,831.9,""2026-07-09 00:00:00"",836.5,""2026-07-08 00:19:00"",833.9,""34705"",""CPU:African_Mountain_AWS2_5135_V1R0_20240805_Vumba_"",""1924"",12.3,""2026-07-08 06:17:00"",14.7,""2026-07-08 09:24:00"",12.9,7.1,""2026-07-08 06:39:00"",18.2,""2026-07-08 15:06:00"",11.1,3.7,174.4,86400.0,15.1,""2026-07-08 14:54:00"",1.2,1.0,7.9,2.4,4.1,""2026-07-08 06:30:00"",1.2,2.7,9.9,14.8,7.1"
"2026-07-10 00:00:00,""AfMount_AWS_2_5135"",0.0,""2026-07-09 00:25:00"",7.0,""2026-07-09 12:34:00"",1.8,1.1,343.6,62.9,8.1,""2026-07-09 06:14:00"",17.8,""2026-07-09 14:47:00"",11.6,34.6,""2026-07-09 15:23:00"",97.7,""2026-07-09 22:07:00"",1.1,""2026-07-09 15:23:00"",9.1,""2026-07-09 21:54:00"",5.6,777.8,""2026-07-09 10:43:00"",185.1,16.0,0.0,828.9,""2026-07-09 14:54:00"",832.0,""2026-07-09 00:05:00"",830.6,""34705"",""CPU:African_Mountain_AWS2_5135_V1R0_20240805_Vumba_"",""1924"",12.4,""2026-07-09 06:26:00"",14.9,""2026-07-09 11:38:00"",12.9,7.0,""2026-07-09 01:58:00"",23.6,""2026-07-09 15:21:00"",13.0,3.7,130.4,86400.0,17.8,""2026-07-09 14:47:00"",1.4,0.9,8.3,8.8,5.9,""2026-07-09 05:23:00"",2.4,2.8,12.0,18.4,8.4"
"2026-07-11 00:00:00,""AfMount_AWS_2_5135"",0.0,""2026-07-10 04:04:00"",9.9,""2026-07-10 14:08:00"",2.4,1.3,75.5,53.4,8.1,""2026-07-10 05:40:00"",18.9,""2026-07-10 13:57:00"",12.1,38.9,""2026-07-10 13:54:00"",100.0,""2026-07-10 22:30:00"",3.9,""2026-07-10 13:39:00"",10.8,""2026-07-10 20:59:00"",8.4,889.9,""2026-07-10 11:25:00"",168.3,14.5,0.0,829.1,""2026-07-10 14:08:00"",832.1,""2026-07-10 10:07:00"",830.5,""34705"",""CPU:African_Mountain_AWS2_5135_V1R0_20240805_Vumba_"",""1924"",12.4,""2026-07-10 06:21:00"",14.4,""2026-07-10 08:49:00"",12.9,7.8,""2026-07-10 06:19:00"",24.0,""2026-07-10 12:20:00"",14.2,3.7,130.3,86400.0,18.9,""2026-07-10 13:57:00"",1.4,1.1,9.9,7.3,5.4,""2026-07-10 03:02:00"",2.1,2.7,12.4,19.3,8.5"
"2026-07-12 00:00:00,""AfMount_AWS_2_5135"",0.0,""2026-07-11 01:12:00"",7.7,""2026-07-11 20:24:00"",2.6,1.2,84.2,52.8,8.6,""2026-07-11 06:23:00"",19.3,""2026-07-11 12:31:00"",12.8,35.3,""2026-07-11 11:10:00"",100.0,""2026-07-11 00:00:00"",2.6,""2026-07-11 11:10:00"",11.8,""2026-07-11 13:38:00"",9.3,848.2,""2026-07-11 11:58:00"",157.5,13.6,0.2,829.7,""2026-07-11 15:07:00"",832.4,""2026-07-11 09:35:00"",830.9,""34705"",""CPU:African_Mountain_AWS2_5135_V1R0_20240805_Vumba_"",""1924"",12.4,""2026-07-11 06:23:00"",14.4,""2026-07-11 08:50:00"",12.9,9.1,""2026-07-11 06:43:00"",24.3,""2026-07-11 14:11:00"",15.0,3.7,175.8,86400.0,19.3,""2026-07-11 12:31:00"",1.5,1.2,10.7,6.5,6.7,""2026-07-11 06:31:00"",2.0,2.7,13.2,19.9,8.7"
"2026-07-13 00:00:00,""AfMount_AWS_2_5135"",0.0,""2026-07-12 05:04:00"",8.4,""2026-07-12 19:57:00"",3.0,1.6,120.5,29.8,10.0,""2026-07-12 05:10:00"",16.4,""2026-07-12 13:38:00"",12.2,65.0,""2026-07-12 10:18:00"",100.0,""2026-07-12 00:00:00"",8.7,""2026-07-12 17:31:00"",13.6,""2026-07-12 09:21:00"",10.9,851.3,""2026-07-12 10:19:00"",95.4,8.2,0.0,830.5,""2026-07-12 16:00:00"",833.4,""2026-07-12 09:41:00"",831.7,""34705"",""CPU:African_Mountain_AWS2_5135_V1R0_20240805_Vumba_"",""1924"",12.4,""2026-07-12 06:15:00"",14.8,""2026-07-12 09:23:00"",12.9,10.8,""2026-07-12 06:27:00"",21.2,""2026-07-12 10:36:00"",14.2,3.7,124.4,86400.0,16.4,""2026-07-12 13:38:00"",1.4,1.3,11.3,3.1,10.0,""2026-07-12 05:09:00"",1.1,2.7,12.5,17.2,10.4"
"2026-07-14 00:00:00,""AfMount_AWS_2_5135"",0.9,""2026-07-13 00:48:00"",7.7,""2026-07-13 06:53:00"",3.4,1.0,121.9,20.3,7.4,""2026-07-13 06:16:00"",14.6,""2026-07-13 14:29:00"",10.6,61.9,""2026-07-13 14:47:00"",100.0,""2026-07-13 00:00:00"",5.3,""2026-07-13 06:01:00"",11.0,""2026-07-13 00:16:00"",8.4,758.5,""2026-07-13 11:11:00"",180.5,15.6,0.2,831.3,""2026-07-13 03:41:00"",833.6,""2026-07-13 10:46:00"",832.2,""34705"",""CPU:African_Mountain_AWS2_5135_V1R0_20240805_Vumba_"",""1924"",12.4,""2026-07-13 03:53:00"",14.3,""2026-07-13 09:01:00"",12.9,7.5,""2026-07-13 06:28:00"",20.5,""2026-07-13 15:17:00"",12.7,3.7,93.5,86400.0,14.6,""2026-07-13 12:32:00"",1.3,1.1,9.3,8.4,3.9,""2026-07-13 05:11:00"",2.0,2.8,11.0,15.9,7.0"
"2026-07-15 00:00:00,""AfMount_AWS_2_5135"",0.0,""2026-07-14 11:05:00"",7.0,""2026-07-14 05:32:00"",3.2,1.0,122.8,25.6,8.0,""2026-07-14 02:31:00"",16.5,""2026-07-14 13:24:00"",11.5,37.1,""2026-07-14 13:47:00"",100.0,""2026-07-14 02:22:00"",-3.6,""2026-07-14 05:31:00"",8.9,""2026-07-14 20:51:00"",5.0,717.5,""2026-07-14 12:00:00"",189.6,16.4,0.0,831.4,""2026-07-14 03:03:00"",833.8,""2026-07-14 09:43:00"",832.5,""34705"",""CPU:African_Mountain_AWS2_5135_V1R0_20240805_Vumba_"",""1924"",12.4,""2026-07-14 06:41:00"",14.4,""2026-07-14 08:42:00"",12.9,7.4,""2026-07-14 04:09:00"",21.6,""2026-07-14 14:47:00"",13.1,3.7,122.0,86400.0,16.5,""2026-07-14 13:24:00"",1.4,0.9,8.0,9.0,4.9,""2026-07-14 00:55:00"",2.2,2.8,11.9,17.5,7.9"
"2026-07-16 00:00:00,""AfMount_AWS_2_5135"",0.0,""2026-07-15 00:26:00"",8.4,""2026-07-15 11:13:00"",2.0,1.0,190.0,44.0,9.1,""2026-07-15 06:24:00"",19.5,""2026-07-15 13:56:00"",13.6,24.1,""2026-07-15 09:25:00"",87.3,""2026-07-15 00:00:00"",-3.4,""2026-07-15 09:25:00"",7.4,""2026-07-15 00:02:00"",2.2,810.3,""2026-07-15 12:44:00"",171.1,14.8,0.0,832.3,""2026-07-15 03:21:00"",835.2,""2026-07-15 23:07:00"",833.7,""34705"",""CPU:African_Mountain_AWS2_5135_V1R0_20240805_Vumba_"",""1924"",12.4,""2026-07-15 06:24:00"",14.5,""2026-07-15 08:59:00"",12.9,7.7,""2026-07-15 00:58:00"",23.2,""2026-07-15 14:13:00"",14.2,3.7,121.9,86400.0,19.5,""2026-07-15 13:55:00"",1.6,0.7,7.6,7.5,7.3,""2026-07-15 06:27:00"",2.3,2.8,13.8,19.8,9.5"
"2026-07-17 00:00:00,""AfMount_AWS_2_5135"",0.0,""2026-07-16 04:05:00"",7.0,""2026-07-16 17:30:00"",2.8,0.9,164.3,46.0,8.3,""2026-07-16 23:33:00"",18.5,""2026-07-16 13:34:00"",12.8,32.2,""2026-07-16 09:26:00"",95.8,""2026-07-16 23:01:00"",-0.2,""2026-07-16 09:13:00"",9.5,""2026-07-16 16:55:00"",5.6,768.3,""2026-07-16 11:54:00"",171.1,14.8,0.0,833.4,""2026-07-16 04:39:00"",836.3,""2026-07-16 10:01:00"",834.6,""34705"",""CPU:African_Mountain_AWS2_5135_V1R0_20240805_Vumba_"",""1924"",12.4,""2026-07-16 06:23:00"",14.5,""2026-07-16 11:24:00"",12.9,8.3,""2026-07-16 23:59:00"",23.0,""2026-07-16 13:48:00"",14.3,3.7,123.1,86400.0,18.5,""2026-07-16 13:34:00"",1.5,0.9,8.8,7.7,5.7,""2026-07-16 22:29:00"",2.2,2.8,13.1,18.7,8.7"
"2026-07-18 00:00:00,""AfMount_AWS_2_5135"",0.0,""2026-07-17 03:40:00"",7.7,""2026-07-17 18:17:00"",2.5,1.1,121.4,29.8,7.1,""2026-07-17 06:17:00"",15.6,""2026-07-17 13:38:00"",10.6,50.8,""2026-07-17 13:08:00"",96.4,""2026-07-17 06:36:00"",4.5,""2026-07-17 10:14:00"",9.2,""2026-07-17 08:59:00"",6.9,715.3,""2026-07-17 11:52:00"",193.6,16.7,0.0,832.8,""2026-07-17 03:56:00"",835.1,""2026-07-17 09:21:00"",833.8,""34705"",""CPU:African_Mountain_AWS2_5135_V1R0_20240805_Vumba_"",""1924"",12.4,""2026-07-17 06:08:00"",14.5,""2026-07-17 16:28:00"",12.9,6.9,""2026-07-17 05:49:00"",20.5,""2026-07-17 15:03:00"",12.0,3.7,156.5,86400.0,15.6,""2026-07-17 13:39:00"",1.3,1.0,8.5,8.7,4.5,""2026-07-17 06:17:00"",2.3,2.8,11.0,16.4,7.4"
"2026-07-19 00:00:00,""AfMount_AWS_2_5135"",0.0,""2026-07-18 00:00:00"",5.5,""2026-07-18 02:18:00"",2.2,0.9,147.2,57.1,9.1,""2026-07-18 06:20:00"",18.9,""2026-07-18 12:10:00"",13.3,31.5,""2026-07-18 12:32:00"",80.6,""2026-07-18 06:14:00"",0.4,""2026-07-18 15:34:00"",6.7,""2026-07-18 08:11:00"",4.5,716.2,""2026-07-18 12:07:00"",196.6,17.0,0.0,831.5,""2026-07-18 16:28:00"",834.0,""2026-07-18 10:11:00"",832.4,""34705"",""CPU:African_Mountain_AWS2_5135_V1R0_20240805_Vumba_"",""1924"",12.4,""2026-07-18 06:20:00"",14.6,""2026-07-18 09:18:00"",12.9,8.4,""2026-07-18 00:01:00"",23.6,""2026-07-18 11:03:00"",14.4,3.7,198.4,86400.0,18.9,""2026-07-18 12:10:00"",1.6,0.8,8.4,9.2,6.6,""2026-07-18 06:18:00"",2.6,2.8,13.6,19.5,9.4"
"2026-07-20 00:00:00,""AfMount_AWS_2_5135"",0.0,""2026-07-19 00:00:00"",7.0,""2026-07-19 05:24:00"",2.0,1.0,55.9,78.1,12.0,""2026-07-19 02:18:00"",21.8,""2026-07-19 13:08:00"",15.7,18.5,""2026-07-19 12:37:00"",52.5,""2026-07-19 00:57:00"",-3.9,""2026-07-19 12:37:00"",4.5,""2026-07-19 09:18:00"",1.5,713.2,""2026-07-19 11:53:00"",195.5,16.9,0.0,829.2,""2026-07-19 15:49:00"",831.8,""2026-07-19 00:00:00"",830.3,""34705"",""CPU:African_Mountain_AWS2_5135_V1R0_20240805_Vumba_"",""1924"",12.4,""2026-07-19 06:30:00"",14.4,""2026-07-19 08:44:00"",12.9,10.1,""2026-07-19 01:36:00"",26.7,""2026-07-19 14:50:00"",16.6,3.7,196.7,86400.0,21.7,""2026-07-19 12:12:00"",1.8,0.7,8.2,9.3,12.0,""2026-07-19 05:20:00"",2.8,2.9,16.0,22.4,12.3"
"2026-07-21 00:00:00,""AfMount_AWS_2_5135"",0.0,""2026-07-20 00:01:00"",7.0,""2026-07-20 14:43:00"",2.3,1.1,140.5,75.1,13.4,""2026-07-20 23:41:00"",22.8,""2026-07-20 11:57:00"",16.8,22.1,""2026-07-20 09:48:00"",55.0,""2026-07-20 23:03:00"",-1.3,""2026-07-20 09:48:00"",6.2,""2026-07-20 12:36:00"",1.8,716.7,""2026-07-20 11:41:00"",193.0,16.7,0.0,828.4,""2026-07-20 14:56:00"",830.3,""2026-07-20 10:19:00"",829.4,""34705"",""CPU:African_Mountain_AWS2_5135_V1R0_20240805_Vumba_"",""1924"",12.4,""2026-07-20 06:37:00"",14.5,""2026-07-20 08:46:00"",12.9,12.1,""2026-07-20 01:36:00"",26.4,""2026-07-20 14:21:00"",17.8,3.7,148.0,86400.0,22.8,""2026-07-20 11:57:00"",1.9,0.7,8.8,9.2,13.4,""2026-07-20 23:40:00"",2.8,2.9,17.1,23.1,13.7"
"2026-07-22 00:00:00,""AfMount_AWS_2_5135"",0.0,""2026-07-21 04:43:00"",9.2,""2026-07-21 14:31:00"",3.7,1.7,122.2,24.9,9.5,""2026-07-21 23:59:00"",19.0,""2026-07-21 09:39:00"",14.6,22.0,""2026-07-21 05:37:00"",99.9,""2026-07-21 23:53:00"",-6.7,""2026-07-21 05:37:00"",10.3,""2026-07-21 23:08:00"",4.0,696.3,""2026-07-21 12:05:00"",186.6,16.1,0.0,829.5,""2026-07-21 02:19:00"",832.4,""2026-07-21 09:48:00"",831.0,""34705"",""CPU:African_Mountain_AWS2_5135_V1R0_20240805_Vumba_"",""1924"",12.4,""2026-07-21 06:27:00"",14.4,""2026-07-21 08:46:00"",12.9,10.4,""2026-07-22 00:00:00"",23.3,""2026-07-21 11:02:00"",15.9,3.7,128.3,86400.0,19.0,""2026-07-21 09:39:00"",1.7,0.8,9.0,9.1,6.2,""2026-07-21 23:59:00"",2.4,2.9,15.0,19.8,9.6"
"2026-07-23 00:00:00,""AfMount_AWS_2_5135"",0.9,""2026-07-22 12:56:00"",9.2,""2026-07-22 02:17:00"",4.9,1.1,128.9,19.6,7.3,""2026-07-22 06:35:00"",17.0,""2026-07-22 12:53:00"",11.7,24.6,""2026-07-22 12:34:00"",100.0,""2026-07-22 02:09:00"",-3.8,""2026-07-22 12:34:00"",10.3,""2026-07-22 03:35:00"",6.9,727.5,""2026-07-22 11:53:00"",199.0,17.2,0.2,831.2,""2026-07-22 02:16:00"",834.5,""2026-07-22 10:02:00"",832.8,""34705"",""CPU:African_Mountain_AWS2_5135_V1R0_20240805_Vumba_"",""1924"",12.4,""2026-07-22 06:42:00"",14.4,""2026-07-22 08:24:00"",12.9,8.4,""2026-07-22 06:58:00"",21.3,""2026-07-22 14:41:00"",13.5,3.7,125.3,86400.0,17.0,""2026-07-22 12:53:00"",1.4,1.0,9.1,9.5,3.5,""2026-07-22 06:45:00"",2.1,2.9,12.1,17.8,6.9"
"2026-07-24 00:00:00,""AfMount_AWS_2_5135"",0.0,""2026-07-23 22:12:00"",7.7,""2026-07-23 01:29:00"",3.5,1.2,111.7,18.0,8.1,""2026-07-23 05:47:00"",18.5,""2026-07-23 14:16:00"",12.6,11.6,""2026-07-23 23:43:00"",100.0,""2026-07-23 00:00:00"",-14.6,""2026-07-23 23:43:00"",8.9,""2026-07-23 00:01:00"",2.0,728.6,""2026-07-23 11:52:00"",199.4,17.2,0.2,831.4,""2026-07-23 15:06:00"",833.6,""2026-07-23 09:55:00"",832.3,""34705"",""CPU:African_Mountain_AWS2_5135_V1R0_20240805_Vumba_"",""1924"",12.4,""2026-07-23 05:01:00"",14.8,""2026-07-23 08:18:00"",12.9,7.3,""2026-07-23 05:15:00"",23.7,""2026-07-23 14:57:00"",13.8,3.7,169.9,86400.0,18.5,""2026-07-23 14:05:00"",1.5,0.7,7.3,9.5,4.7,""2026-07-23 05:46:00"",2.4,2.9,13.0,19.3,7.6"
"2026-07-25 00:00:00,""AfMount_AWS_2_5135"",0.0,""2026-07-24 01:46:00"",17.4,""2026-07-24 23:49:00"",4.0,2.3,156.9,34.4,10.8,""2026-07-24 23:35:00"",20.9,""2026-07-24 10:38:00"",15.5,11.8,""2026-07-24 01:17:00"",87.5,""2026-07-25 00:00:00"",-14.8,""2026-07-24 01:17:00"",9.0,""2026-07-25 00:00:00"",-0.6,712.9,""2026-07-24 11:45:00"",192.5,16.6,0.0,831.5,""2026-07-24 03:43:00"",834.5,""2026-07-24 20:44:00"",832.9,""34705"",""CPU:African_Mountain_AWS2_5135_V1R0_20240805_Vumba_"",""1924"",12.4,""2026-07-24 06:34:00"",14.4,""2026-07-24 08:56:00"",12.9,11.2,""2026-07-24 23:13:00"",25.0,""2026-07-24 15:01:00"",16.5,3.7,139.8,86400.0,20.9,""2026-07-24 10:39:00"",1.8,0.6,7.6,9.3,10.8,""2026-07-24 23:35:00"",2.5,2.9,15.9,21.5,11.0"
"2026-07-26 00:00:00,""AfMount_AWS_2_5135"",0.0,""2026-07-25 10:56:00"",16.7,""2026-07-25 01:18:00"",4.9,2.3,144.8,23.9,7.4,""2026-07-25 23:52:00"",15.9,""2026-07-25 14:09:00"",10.3,56.7,""2026-07-25 13:07:00"",100.0,""2026-07-25 03:57:00"",4.3,""2026-07-25 23:23:00"",11.1,""2026-07-25 10:39:00"",8.3,1082.6,""2026-07-25 10:38:00"",159.7,13.8,0.2,833.0,""2026-07-25 01:27:00"",836.5,""2026-07-25 09:42:00"",834.8,""34705"",""CPU:African_Mountain_AWS2_5135_V1R0_20240805_Vumba_"",""1924"",12.4,""2026-07-25 06:36:00"",14.9,""2026-07-25 10:04:00"",12.9,7.8,""2026-07-26 00:00:00"",20.9,""2026-07-25 14:39:00"",12.7,3.7,134.5,86400.0,15.9,""2026-07-25 14:09:00"",1.3,1.1,9.2,5.1,2.6,""2026-07-25 23:16:00"",1.6,2.9,10.6,17.1,7.7"
"2026-07-27 00:00:00,""AfMount_AWS_2_5135"",0.0,""2026-07-26 08:46:00"",9.2,""2026-07-26 00:10:00"",3.2,1.2,140.3,28.7,5.7,""2026-07-26 23:03:00"",14.2,""2026-07-26 14:21:00"",8.6,53.9,""2026-07-26 12:51:00"",99.7,""2026-07-26 07:23:00"",4.2,""2026-07-26 14:08:00"",8.6,""2026-07-26 08:01:00"",5.8,1156.4,""2026-07-26 11:30:00"",135.8,11.7,0.0,833.1,""2026-07-26 15:21:00"",835.7,""2026-07-26 09:35:00"",834.1,""34705"",""CPU:African_Mountain_AWS2_5135_V1R0_20240805_Vumba_"",""1924"",12.3,""2026-07-26 06:55:00"",14.6,""2026-07-26 08:26:00"",12.9,6.1,""2026-07-26 23:30:00"",19.0,""2026-07-26 15:18:00"",10.6,3.7,120.0,86400.0,14.2,""2026-07-26 14:20:00"",1.1,0.9,7.0,4.2,2.3,""2026-07-26 05:33:00"",1.4,2.9,8.9,14.8,6.0"
"2026-07-28 00:00:00,""AfMount_AWS_2_5135"",0.0,""2026-07-27 04:34:00"",7.0,""2026-07-27 01:49:00"",2.3,1.0,97.7,45.0,4.9,""2026-07-27 05:42:00"",16.6,""2026-07-27 13:58:00"",9.7,42.2,""2026-07-27 13:30:00"",98.1,""2026-07-27 01:14:00"",3.5,""2026-07-27 13:30:00"",8.2,""2026-07-27 12:12:00"",5.5,742.8,""2026-07-27 11:54:00"",201.0,17.4,0.0,829.5,""2026-07-27 14:53:00"",833.1,""2026-07-27 00:00:00"",830.8,""34705"",""CPU:African_Mountain_AWS2_5135_V1R0_20240805_Vumba_"",""1924"",12.3,""2026-07-27 06:08:00"",14.6,""2026-07-27 08:43:00"",12.9,4.7,""2026-07-27 06:28:00"",22.7,""2026-07-27 15:03:00"",11.5,3.7,127.2,86400.0,16.6,""2026-07-27 13:59:00"",1.2,0.9,7.4,8.8,1.5,""2026-07-27 01:49:00"",2.4,2.9,10.0,17.6,5.2"
"2026-07-29 00:00:00,""AfMount_AWS_2_5135"",0.0,""2026-07-28 00:08:00"",8.4,""2026-07-28 13:01:00"",2.2,1.3,195.1,78.6,7.5,""2026-07-28 23:59:00"",19.4,""2026-07-28 13:58:00"",11.6,36.8,""2026-07-28 13:55:00"",89.5,""2026-07-28 23:59:00"",1.7,""2026-07-28 11:13:00"",9.2,""2026-07-28 14:09:00"",5.3,738.2,""2026-07-28 12:03:00"",200.4,17.3,0.0,828.5,""2026-07-28 03:00:00"",832.8,""2026-07-28 23:04:00"",830.7,""34705"",""CPU:African_Mountain_AWS2_5135_V1R0_20240805_Vumba_"",""1924"",12.4,""2026-07-28 05:53:00"",14.4,""2026-07-28 08:41:00"",12.9,6.9,""2026-07-28 06:31:00"",24.5,""2026-07-28 14:37:00"",13.2,3.7,118.2,86400.0,19.4,""2026-07-28 13:58:00"",1.4,0.9,8.1,9.0,4.7,""2026-07-28 23:59:00"",2.5,2.9,11.9,19.6,7.9"
"2026-07-30 00:00:00,""AfMount_AWS_2_5135"",0.0,""2026-07-29 10:29:00"",7.7,""2026-07-29 09:12:00"",2.3,0.9,118.1,25.7,6.4,""2026-07-29 05:49:00"",15.8,""2026-07-29 14:03:00"",10.3,47.7,""2026-07-29 14:03:00"",95.5,""2026-07-29 02:31:00"",4.3,""2026-07-29 14:54:00"",7.0,""2026-07-29 11:37:00"",5.7,840.3,""2026-07-29 11:50:00"",179.5,15.5,0.0,831.7,""2026-07-29 03:21:00"",834.5,""2026-07-29 09:49:00"",832.7,""34705"",""CPU:African_Mountain_AWS2_5135_V1R0_20240805_Vumba_"",""1924"",12.4,""2026-07-29 06:00:00"",14.7,""2026-07-29 09:39:00"",12.9,6.3,""2026-07-29 06:08:00"",21.4,""2026-07-29 15:15:00"",11.8,3.7,138.8,86400.0,15.8,""2026-07-29 14:02:00"",1.3,0.9,7.7,8.4,3.5,""2026-07-29 05:32:00"",2.2,2.9,10.6,16.3,6.7"
"2026-07-31 00:00:00,""AfMount_AWS_2_5135"",0.0,""2026-07-30 01:03:00"",7.7,""2026-07-30 13:03:00"",1.5,1.2,255.5,69.0,7.4,""2026-07-30 02:58:00"",18.0,""2026-07-30 14:52:00"",12.3,21.5,""2026-07-30 13:42:00"",94.1,""2026-07-30 03:18:00"",-4.8,""2026-07-30 13:06:00"",7.2,""2026-07-30 07:18:00"",2.7,749.1,""2026-07-30 11:59:00"",205.3,17.7,0.0,831.2,""2026-07-30 03:31:00"",834.0,""2026-07-30 22:18:00"",832.7,""34705"",""CPU:African_Mountain_AWS2_5135_V1R0_20240805_Vumba_"",""1924"",12.4,""2026-07-30 06:18:00"",14.4,""2026-07-30 08:34:00"",12.9,5.8,""2026-07-30 06:26:00"",23.1,""2026-07-30 15:13:00"",13.1,3.7,131.7,86400.0,18.0,""2026-07-30 14:53:00"",1.5,0.8,7.4,9.6,5.8,""2026-07-30 03:03:00"",2.8,3.0,12.6,18.4,7.6"
