"TOA5,""AMRF_Letseng"","""","""","""","""","""",""TableDay"""
"TIMESTAMP,""StationID"",""WSpd_Min"",""WSpd_Max"",""WSpd_Avg"",""WSpd_Std"",""WDir_Avg"",""WDir_Std"",""WindUltra_Success_Tot"",""AirTemp_Min"",""AirTemp_TMn"",""AirTemp_Max"",""AirTemp_TMx"",""AirTemp_Avg"",""RH_Min"",""RH_TMn"",""RH_Max"",""RH_TMx"",""DewPointTemp_Min"",""DewPointTemp_TMn"",""DewPointTemp_Max"",""DewPointTemp_TMx"",""DewPointTemp_Avg"",""SlrW_Max"",""SlrW_TMx"",""SlrW_Avg"",""SlrMJ_Tot"",""Rain_Tot"",""RMY52202_Heater_State"",""RMY52202_SW12_State"",""RMY52202_T1"",""RMY52202_Heater_Trigger"",""RMY52202_BattLowSkip"",""RMY52202_Heater_DTrigger"",""RMY52202_HeaterSkipped_WarmTemp"",""BPress_Min"",""BPress_TMn"",""BPress_Max"",""BPress_TMx"",""BPress_Avg"",""BV10_BPTemp_Avg"",""Sun_Azimuth"",""Sun_Elevation"",""LoggerSerialNumber"",""ProgramName"",""ProgramSignature"",""LoggerBattery_Avg"",""LoggerLithiumBatt"",""LoggerTemp_Avg"",""PingTime_Avg"",""ScanCount"",""ETos"",""Rso"",""SunHrs_Tot"",""WC_C_Avg"",""BI_Avg"",""BI_Max"",""BI_TMx"",""BI_Min"",""BI_TMn"",""BIPWS_Avg"",""BIPWS_Max"",""BIPWS_TMx"",""BIPWS_Min"",""BIPWS_TMn"",""RCF"",""elapsed_time_since_rain_days"",""FDI_Avg"",""FDI_Max"",""FDI_TMx"",""FDI_Min"",""FDI_TMn"""
"TS,"""",""m/s"",""m/s"",""m/s"",""m/s"",""Deg"",""Deg"","""",""DegC"",""DegC"",""DegC"",""DegC"",""DegC"",""%"",""%"",""%"",""%"",""DegC"",""DegC"",""DegC"",""DegC"",""DegC"",""W/m^2"",""W/m^2"",""W/m^2"",""MJ/m^2"",""mm"",""(1 = On, 0 = Off)"","""","""","""","""","""","""",""hPa"",""hPa"",""hPa"",""hPa"",""hPa"",""degC"",""degrees"",""degrees"","""","""","""",""V"","""",""degC"",""msec"","""",""mm"",""MJ/m²"","""","""","""","""","""","""","""","""","""","""","""","""","""","""","""","""","""","""","""""
",""Smp"",""Min"",""Max"",""Avg"",""Std"",""WVc"",""WVc"",""Tot"",""Min"",""TMn"",""Max"",""TMx"",""Avg"",""Min"",""TMn"",""Max"",""TMx"",""Min"",""TMn"",""Max"",""TMx"",""Avg"",""Max"",""TMx"",""Avg"",""Tot"",""Tot"",""Smp"",""Smp"",""Smp"",""Smp"",""Smp"",""Smp"",""Smp"",""Min"",""TMn"",""Max"",""TMx"",""Avg"",""Avg"",""Smp"",""Smp"",""Smp"",""Smp"",""Smp"",""Avg"",""Smp"",""Avg"",""Avg"",""Tot"",""ETXs"",""Rso"",""Tot"",""Avg"",""Avg"",""Max"",""TMx"",""Min"",""TMn"",""Avg"",""Max"",""TMx"",""Min"",""TMn"",""Smp"",""Smp"",""Avg"",""Max"",""TMx"",""Min"",""TMn"""
"2026-07-01 00:00:00,""Africa_Mountain_Cowl's H"",0.0,15.3,6.7,2.6,269.2,13.6,-86063.0,-2.1,""2026-06-30 05:04:00"",8.3,""2026-06-30 11:10:00"",2.6,26.8,""2026-06-30 11:57:00"",87.8,""2026-06-30 19:08:00"",-10.9,""2026-06-30 10:10:00"",0.4,""2026-06-30 22:37:00"",-4.8,634.9,""2026-06-30 11:53:00"",165.4,14.3,0.0,0.0,0.0,0.0,0.0,-1.0,0.0,-1.0,698.9,""2026-06-30 14:59:00"",701.4,""2026-06-30 10:58:00"",700.3,0.5,198.2,-83.8,""9865"",""CPU:AMR_CowlsHike_Job7181_V1R0_20260226.CRB"",""26192"",13.1,""3.277044"",6.5,604.9,7999.0,1.3,2.3,9.2,-2.1,13.3,28.9,""2026-06-30 11:57:00"",3.2,""2026-06-30 19:07:00"",31.5,68.7,""2026-06-30 11:37:00"",5.7,""2026-06-30 18:35:00"",1.0,50.5,31.5,68.7,""2026-06-30 11:37:00"",5.7,""2026-06-30 18:35:00"""
"2026-07-02 00:00:00,""Africa_Mountain_Cowl's H"",0.2,15.5,6.0,1.9,271.2,14.7,-86071.0,0.3,""2026-07-01 07:26:00"",7.6,""2026-07-01 14:24:00"",3.1,47.5,""2026-07-01 13:35:00"",92.4,""2026-07-01 07:31:00"",-3.4,""2026-07-01 13:35:00"",0.8,""2026-07-01 22:22:00"",-0.8,756.7,""2026-07-01 12:45:00"",158.3,13.7,0.0,0.0,0.0,0.0,0.0,-1.0,0.0,-1.0,694.6,""2026-07-01 23:57:00"",700.6,""2026-07-01 00:14:00"",697.9,2.0,198.4,-83.8,""9865"",""CPU:AMR_CowlsHike_Job7181_V1R0_20260226.CRB"",""26192"",13.1,""3.285182"",7.6,722.2,7999.0,1.3,2.3,8.2,-1.5,8.7,22.1,""2026-07-01 13:35:00"",1.1,""2026-07-01 07:29:00"",24.9,61.9,""2026-07-01 14:24:00"",10.3,""2026-07-01 20:05:00"",1.0,51.5,24.9,61.9,""2026-07-01 14:24:00"",10.3,""2026-07-01 20:05:00"""
"2026-07-03 00:00:00,""Africa_Mountain_Cowl's H"",3.1,21.8,10.1,3.0,253.5,22.2,-86062.0,-9.0,""2026-07-02 21:08:00"",2.4,""2026-07-02 03:08:00"",-2.7,30.8,""2026-07-02 23:59:00"",98.8,""2026-07-02 05:36:00"",-20.8,""2026-07-02 23:59:00"",1.0,""2026-07-02 04:22:00"",-8.6,641.1,""2026-07-02 11:29:00"",166.7,14.4,3.4,0.0,0.0,0.0,0.0,-1.0,0.0,-1.0,690.4,""2026-07-02 05:34:00"",697.0,""2026-07-02 21:57:00"",693.5,-5.2,198.6,-83.7,""9865"",""CPU:AMR_CowlsHike_Job7181_V1R0_20260226.CRB"",""26192"",12.9,""3.285182"",1.4,845.0,7999.0,0.8,2.3,8.7,-10.4,6.0,16.5,""2026-07-02 13:40:00"",-2.9,""2026-07-02 07:33:00"",33.8,56.3,""2026-07-02 13:42:00"",12.9,""2026-07-02 06:44:00"",0.5,0.0,16.0,45.0,""2026-07-02 03:08:00"",4.7,""2026-07-02 06:44:00"""
"2026-07-04 00:00:00,""Africa_Mountain_Cowl's H"",1.0,13.2,6.3,1.7,256.5,25.1,-86074.0,-7.0,""2026-07-03 06:12:00"",7.7,""2026-07-03 13:38:00"",-0.5,11.3,""2026-07-03 12:21:00"",35.6,""2026-07-03 07:17:00"",-25.4,""2026-07-03 22:52:00"",-13.0,""2026-07-03 10:22:00"",-20.0,641.1,""2026-07-03 12:08:00"",170.2,14.7,0.0,0.0,0.0,0.0,0.0,-1.0,0.0,-1.0,696.6,""2026-07-03 00:06:00"",700.9,""2026-07-03 10:20:00"",699.3,-3.5,198.7,-83.6,""9865"",""CPU:AMR_CowlsHike_Job7181_V1R0_20260226.CRB"",""26192"",13.0,""3.274331"",3.0,592.6,7999.0,1.2,2.4,9.2,-6.1,22.4,33.1,""2026-07-03 12:21:00"",12.2,""2026-07-03 06:55:00"",39.3,72.8,""2026-07-03 12:43:00"",22.2,""2026-07-03 06:54:00"",0.7,1.0,24.1,47.1,""2026-07-03 22:53:00"",12.2,""2026-07-03 03:12:00"""
"2026-07-05 00:00:00,""Africa_Mountain_Cowl's H"",2.0,15.9,7.0,2.7,249.4,14.3,-86065.0,-3.4,""2026-07-04 21:46:00"",7.9,""2026-07-04 13:26:00"",1.0,7.7,""2026-07-04 09:35:00"",41.5,""2026-07-04 22:11:00"",-29.6,""2026-07-04 05:49:00"",-14.4,""2026-07-04 22:08:00"",-21.7,641.7,""2026-07-04 12:11:00"",171.2,14.8,0.0,0.0,0.0,0.0,0.0,-1.0,0.0,-1.0,697.7,""2026-07-04 04:43:00"",701.4,""2026-07-04 21:47:00"",699.8,-1.4,198.8,-83.5,""9865"",""CPU:AMR_CowlsHike_Job7181_V1R0_20260226.CRB"",""26192"",13.0,""3.277044"",4.7,850.0,7999.0,1.3,2.4,9.2,-4.4,25.1,33.0,""2026-07-04 13:26:00"",13.6,""2026-07-04 22:11:00"",44.2,72.7,""2026-07-04 12:52:00"",20.6,""2026-07-04 20:01:00"",0.9,2.0,35.7,60.4,""2026-07-04 14:25:00"",18.0,""2026-07-04 20:01:00"""
"2026-07-06 00:00:00,""Africa_Mountain_Cowl's H"",0.0,9.2,3.5,1.5,229.7,25.0,-86067.0,-2.0,""2026-07-05 01:30:00"",10.0,""2026-07-05 13:55:00"",3.7,4.4,""2026-07-05 05:54:00"",32.3,""2026-07-05 00:04:00"",-35.1,""2026-07-05 05:54:00"",-14.7,""2026-07-05 17:29:00"",-20.8,643.8,""2026-07-05 12:10:00"",171.3,14.8,0.0,0.0,0.0,0.0,0.0,-1.0,0.0,-1.0,700.8,""2026-07-05 01:45:00"",704.4,""2026-07-05 23:44:00"",702.7,0.9,198.9,-83.4,""9865"",""CPU:AMR_CowlsHike_Job7181_V1R0_20260226.CRB"",""26192"",13.1,""3.274331"",6.8,782.1,7999.0,1.7,2.4,9.2,0.9,28.8,35.7,""2026-07-05 13:57:00"",17.8,""2026-07-05 00:04:00"",39.4,75.3,""2026-07-05 14:09:00"",26.8,""2026-07-05 18:47:00"",1.0,3.0,38.1,74.4,""2026-07-05 14:09:00"",25.1,""2026-07-05 00:04:00"""
"2026-07-07 00:00:00,""Africa_Mountain_Cowl's H"",0.0,8.2,2.2,1.3,196.6,70.7,-86075.0,-0.8,""2026-07-06 04:34:00"",10.6,""2026-07-06 13:03:00"",4.4,8.7,""2026-07-06 06:19:00"",32.0,""2026-07-06 23:48:00"",-28.1,""2026-07-06 06:19:00"",-11.9,""2026-07-06 19:53:00"",-17.8,644.7,""2026-07-06 12:08:00"",170.4,14.7,0.0,0.0,0.0,0.0,0.0,-1.0,0.0,-1.0,704.2,""2026-07-06 02:34:00"",707.7,""2026-07-06 22:54:00"",706.0,1.6,199.0,-83.3,""9865"",""CPU:AMR_CowlsHike_Job7181_V1R0_20260226.CRB"",""26192"",13.2,""3.296033"",7.5,790.7,7999.0,1.9,2.4,9.2,2.8,28.4,35.9,""2026-07-06 13:00:00"",22.0,""2026-07-06 23:59:00"",35.9,75.4,""2026-07-06 12:59:00"",25.4,""2026-07-06 21:49:00"",1.0,4.0,35.9,75.4,""2026-07-06 12:59:00"",25.4,""2026-07-06 21:49:00"""
"2026-07-08 00:00:00,""Africa_Mountain_Cowl's H"",0.0,5.1,2.0,0.7,106.8,71.6,-86066.0,0.1,""2026-07-07 07:18:00"",10.4,""2026-07-07 14:32:00"",4.0,16.2,""2026-07-07 12:17:00"",45.0,""2026-07-07 22:34:00"",-16.3,""2026-07-07 12:17:00"",-8.6,""2026-07-07 10:02:00"",-11.3,648.3,""2026-07-07 11:59:00"",170.8,14.8,0.0,0.0,0.0,0.0,0.0,-1.0,0.0,-1.0,706.6,""2026-07-07 23:54:00"",708.5,""2026-07-07 09:45:00"",707.5,1.4,199.0,-83.2,""9865"",""CPU:AMR_CowlsHike_Job7181_V1R0_20260226.CRB"",""26192"",13.2,""3.279757"",7.2,802.0,7999.0,1.9,2.4,9.3,2.3,23.6,34.9,""2026-07-07 14:35:00"",16.6,""2026-07-07 07:31:00"",30.4,74.8,""2026-07-07 14:36:00"",21.5,""2026-07-07 05:36:00"",1.0,5.0,30.4,74.8,""2026-07-07 14:36:00"",21.5,""2026-07-07 05:36:00"""
"2026-07-09 00:00:00,""Africa_Mountain_Cowl's H"",0.0,8.2,2.8,1.2,216.4,57.2,-86070.0,-1.4,""2026-07-08 23:39:00"",7.4,""2026-07-08 14:57:00"",2.3,21.9,""2026-07-08 11:12:00"",65.6,""2026-07-08 23:40:00"",-14.9,""2026-07-08 11:12:00"",-6.6,""2026-07-08 23:58:00"",-10.2,645.3,""2026-07-08 12:09:00"",170.2,14.7,0.0,0.0,0.0,0.0,0.0,-1.0,0.0,-1.0,701.5,""2026-07-08 23:33:00"",706.6,""2026-07-08 00:00:00"",703.9,-0.6,199.0,-83.0,""9865"",""CPU:AMR_CowlsHike_Job7181_V1R0_20260226.CRB"",""26192"",13.1,""3.279757"",5.5,671.0,7999.0,1.7,2.4,9.3,-0.3,19.5,28.9,""2026-07-08 11:50:00"",7.9,""2026-07-08 23:39:00"",28.6,68.6,""2026-07-08 12:41:00"",16.1,""2026-07-08 21:14:00"",1.0,6.0,28.6,68.6,""2026-07-08 12:41:00"",16.1,""2026-07-08 21:14:00"""
"2026-07-10 00:00:00,""Africa_Mountain_Cowl's H"",0.5,10.3,4.1,1.4,226.2,16.4,-86062.0,-3.2,""2026-07-09 07:00:00"",7.6,""2026-07-09 13:05:00"",1.0,33.0,""2026-07-09 11:42:00"",81.3,""2026-07-09 23:51:00"",-10.2,""2026-07-09 10:58:00"",-4.2,""2026-07-09 16:25:00"",-6.2,642.1,""2026-07-09 12:07:00"",166.1,14.4,0.0,0.0,0.0,0.0,0.0,-1.0,0.0,-1.0,697.9,""2026-07-09 14:30:00"",701.5,""2026-07-09 00:00:00"",699.3,-1.0,198.9,-82.9,""9865"",""CPU:AMR_CowlsHike_Job7181_V1R0_20260226.CRB"",""26192"",13.1,""3.277044"",5.1,725.5,7999.0,1.4,2.4,9.1,-2.9,12.0,26.7,""2026-07-09 13:05:00"",1.4,""2026-07-09 23:51:00"",24.0,66.3,""2026-07-09 13:04:00"",9.5,""2026-07-09 05:47:00"",1.0,7.0,24.0,66.3,""2026-07-09 13:04:00"",9.5,""2026-07-09 05:47:00"""
"2026-07-11 00:00:00,""Africa_Mountain_Cowl's H"",0.0,10.7,4.4,1.5,247.2,21.4,-86068.0,-4.5,""2026-07-10 06:03:00"",6.5,""2026-07-10 13:47:00"",-0.1,32.1,""2026-07-10 13:31:00"",80.4,""2026-07-10 04:31:00"",-10.3,""2026-07-10 16:14:00"",-4.8,""2026-07-10 08:55:00"",-6.8,643.4,""2026-07-10 12:08:00"",168.5,14.6,0.0,0.0,0.0,0.0,0.0,-1.0,0.0,-1.0,697.0,""2026-07-10 14:48:00"",699.1,""2026-07-10 09:57:00"",698.0,-2.0,198.8,-82.8,""9865"",""CPU:AMR_CowlsHike_Job7181_V1R0_20260226.CRB"",""26192"",13.0,""3.285182"",4.2,738.4,7999.0,1.3,2.4,9.3,-4.4,10.3,25.7,""2026-07-10 13:31:00"",0.7,""2026-07-10 04:31:00"",22.7,65.5,""2026-07-10 13:31:00"",8.4,""2026-07-10 22:13:00"",1.0,8.0,22.7,65.5,""2026-07-10 13:31:00"",8.4,""2026-07-10 22:13:00"""
"2026-07-12 00:00:00,""Africa_Mountain_Cowl's H"",0.3,9.5,3.5,1.4,266.1,24.7,-86068.0,-3.7,""2026-07-11 23:24:00"",5.2,""2026-07-11 13:08:00"",-0.8,43.1,""2026-07-11 13:10:00"",76.5,""2026-07-11 01:21:00"",-8.1,""2026-07-11 13:13:00"",-5.0,""2026-07-11 13:04:00"",-6.8,864.7,""2026-07-11 13:03:00"",75.8,6.6,0.0,0.0,0.0,0.0,0.0,-1.0,0.0,-1.0,696.9,""2026-07-11 14:28:00"",698.9,""2026-07-11 09:42:00"",697.9,-3.5,198.8,-82.6,""9865"",""CPU:AMR_CowlsHike_Job7181_V1R0_20260226.CRB"",""26192"",12.9,""3.285182"",3.0,562.6,7999.0,0.6,2.4,1.2,-4.6,8.9,21.3,""2026-07-11 13:08:00"",2.4,""2026-07-11 01:21:00"",19.3,58.8,""2026-07-11 13:11:00"",4.9,""2026-07-11 03:07:00"",1.0,9.0,19.3,58.8,""2026-07-11 13:11:00"",4.9,""2026-07-11 03:07:00"""
"2026-07-13 00:00:00,""Africa_Mountain_Cowl's H"",0.0,11.1,3.6,1.0,270.3,24.4,-86066.0,-5.1,""2026-07-12 06:27:00"",6.1,""2026-07-12 12:52:00"",-0.6,20.2,""2026-07-12 11:52:00"",86.6,""2026-07-12 23:26:00"",-16.2,""2026-07-12 11:52:00"",-4.3,""2026-07-12 19:10:00"",-8.6,890.0,""2026-07-12 13:33:00"",155.7,13.4,0.0,0.0,0.0,0.0,0.0,-1.0,0.0,-1.0,697.4,""2026-07-12 14:21:00"",699.3,""2026-07-12 09:29:00"",698.4,-2.5,198.6,-82.5,""9865"",""CPU:AMR_CowlsHike_Job7181_V1R0_20260226.CRB"",""26192"",13.0,""3.29332"",3.8,832.0,7999.0,1.3,2.4,8.7,-4.7,10.7,28.8,""2026-07-12 12:52:00"",-1.6,""2026-07-12 23:26:00"",21.5,68.4,""2026-07-12 11:50:00"",5.6,""2026-07-12 22:15:00"",1.0,9.9,21.5,68.4,""2026-07-12 11:50:00"",5.6,""2026-07-12 22:15:00"""
"2026-07-14 00:00:00,""Africa_Mountain_Cowl's H"",0.5,14.3,4.7,2.3,243.2,16.2,-86063.0,-5.4,""2026-07-13 04:24:00"",5.9,""2026-07-13 12:46:00"",-1.3,38.1,""2026-07-13 15:06:00"",96.3,""2026-07-13 05:06:00"",-8.9,""2026-07-13 14:57:00"",-3.7,""2026-07-13 15:42:00"",-6.0,872.2,""2026-07-13 11:50:00"",159.9,13.8,0.0,0.0,0.0,0.0,0.0,-1.0,0.0,-1.0,697.7,""2026-07-13 14:48:00"",700.5,""2026-07-13 22:42:00"",699.1,-3.6,198.5,-82.3,""9865"",""CPU:AMR_CowlsHike_Job7181_V1R0_20260226.CRB"",""26192"",13.0,""3.279757"",2.8,916.0,7999.0,1.2,2.4,7.0,-5.9,5.8,23.4,""2026-07-13 13:57:00"",-5.3,""2026-07-13 05:01:00"",19.2,63.2,""2026-07-13 13:54:00"",-0.3,""2026-07-13 04:59:00"",1.0,10.9,19.2,63.2,""2026-07-13 13:54:00"",-0.3,""2026-07-13 04:59:00"""
"2026-07-15 00:00:00,""Africa_Mountain_Cowl's H"",1.7,13.7,5.7,1.9,245.6,9.9,-86059.0,-3.8,""2026-07-14 07:21:00"",5.7,""2026-07-14 14:09:00"",-0.3,40.6,""2026-07-14 14:07:00"",90.5,""2026-07-14 23:08:00"",-7.9,""2026-07-14 11:28:00"",-2.1,""2026-07-14 10:01:00"",-5.6,711.4,""2026-07-14 12:08:00"",170.5,14.7,0.0,0.0,0.0,0.0,0.0,-1.0,0.0,-1.0,698.8,""2026-07-14 04:16:00"",701.3,""2026-07-14 21:46:00"",700.3,-2.3,198.3,-82.2,""9865"",""CPU:AMR_CowlsHike_Job7181_V1R0_20260226.CRB"",""26192"",13.0,""3.279757"",3.9,743.8,7999.0,1.2,2.4,8.9,-5.5,7.9,22.5,""2026-07-14 14:19:00"",-1.8,""2026-07-14 23:07:00"",23.4,62.3,""2026-07-14 14:19:00"",5.0,""2026-07-14 00:24:00"",1.0,11.9,23.4,62.3,""2026-07-14 14:19:00"",5.0,""2026-07-14 00:24:00"""
"2026-07-16 00:00:00,""Africa_Mountain_Cowl's H"",1.1,12.8,5.3,1.8,225.4,13.7,-86069.0,-4.5,""2026-07-15 06:01:00"",8.2,""2026-07-15 13:13:00"",1.5,14.2,""2026-07-15 14:15:00"",86.6,""2026-07-15 00:44:00"",-18.8,""2026-07-15 10:26:00"",-4.2,""2026-07-15 00:05:00"",-13.3,657.9,""2026-07-15 12:06:00"",177.2,15.3,0.0,0.0,0.0,0.0,0.0,-1.0,0.0,-1.0,700.1,""2026-07-15 04:04:00"",703.9,""2026-07-15 23:11:00"",701.9,-0.9,198.2,-82.0,""9865"",""CPU:AMR_CowlsHike_Job7181_V1R0_20260226.CRB"",""26192"",13.1,""3.29332"",5.1,600.1,7999.0,1.4,2.4,9.4,-3.0,19.8,32.8,""2026-07-15 13:13:00"",-0.4,""2026-07-15 00:47:00"",34.4,72.2,""2026-07-15 13:14:00"",9.6,""2026-07-15 00:47:00"",1.0,12.9,34.4,72.2,""2026-07-15 13:14:00"",9.6,""2026-07-15 00:47:00"""
"2026-07-17 00:00:00,""Africa_Mountain_Cowl's H"",1.2,11.0,4.2,1.3,225.0,15.0,-86065.0,-2.2,""2026-07-16 22:42:00"",9.7,""2026-07-16 14:29:00"",2.7,27.0,""2026-07-16 10:00:00"",51.5,""2026-07-16 21:49:00"",-15.0,""2026-07-16 02:38:00"",-6.4,""2026-07-16 10:48:00"",-10.1,664.6,""2026-07-16 11:51:00"",169.7,14.7,0.0,0.0,0.0,0.0,0.0,-1.0,0.0,-1.0,702.9,""2026-07-16 03:58:00"",704.9,""2026-07-16 09:16:00"",703.7,0.6,198.0,-81.9,""9865"",""CPU:AMR_CowlsHike_Job7181_V1R0_20260226.CRB"",""26192"",13.1,""3.279757"",6.4,761.9,7999.0,1.5,2.4,8.8,-1.0,20.3,30.5,""2026-07-16 14:31:00"",12.1,""2026-07-16 22:24:00"",32.2,70.4,""2026-07-16 14:26:00"",17.3,""2026-07-16 21:48:00"",1.0,13.9,32.2,70.4,""2026-07-16 14:26:00"",17.3,""2026-07-16 21:48:00"""
"2026-07-18 00:00:00,""Africa_Mountain_Cowl's H"",0.6,11.6,4.5,1.4,227.2,14.6,-86057.0,-3.8,""2026-07-17 05:44:00"",10.1,""2026-07-17 13:54:00"",2.7,17.7,""2026-07-17 13:17:00"",66.1,""2026-07-17 05:45:00"",-15.6,""2026-07-17 11:14:00"",-7.4,""2026-07-17 22:02:00"",-10.9,722.3,""2026-07-17 12:23:00"",173.9,15.0,0.0,0.0,0.0,0.0,0.0,-1.0,0.0,-1.0,701.7,""2026-07-17 23:59:00"",704.1,""2026-07-17 10:20:00"",702.8,0.7,197.7,-81.7,""9865"",""CPU:AMR_CowlsHike_Job7181_V1R0_20260226.CRB"",""26192"",13.1,""3.279757"",6.6,831.0,7999.0,1.6,2.5,9.4,-1.0,20.4,34.0,""2026-07-17 13:54:00"",5.4,""2026-07-17 05:44:00"",33.0,73.4,""2026-07-17 13:07:00"",15.4,""2026-07-17 05:44:00"",1.0,14.9,33.0,73.4,""2026-07-17 13:07:00"",15.4,""2026-07-17 05:44:00"""
"2026-07-19 00:00:00,""Africa_Mountain_Cowl's H"",3.2,14.3,6.4,1.7,228.5,14.5,-86060.0,-2.5,""2026-07-18 06:47:00"",10.4,""2026-07-18 12:32:00"",2.8,16.8,""2026-07-18 12:23:00"",50.7,""2026-07-18 01:05:00"",-15.8,""2026-07-18 09:59:00"",-9.3,""2026-07-18 01:02:00"",-12.8,792.8,""2026-07-18 12:33:00"",166.8,14.4,0.0,0.0,0.0,0.0,0.0,-1.0,0.0,-1.0,699.5,""2026-07-18 13:55:00"",702.0,""2026-07-18 00:36:00"",701.0,0.9,197.5,-81.5,""9865"",""CPU:AMR_CowlsHike_Job7181_V1R0_20260226.CRB"",""26192"",13.1,""3.279757"",6.8,857.0,7999.0,1.4,2.5,8.7,-2.0,22.5,34.9,""2026-07-18 12:32:00"",13.5,""2026-07-18 01:25:00"",39.8,74.7,""2026-07-18 12:23:00"",24.3,""2026-07-18 05:14:00"",1.0,15.9,39.8,74.7,""2026-07-18 12:23:00"",24.3,""2026-07-18 05:14:00"""
"2026-07-20 00:00:00,""Africa_Mountain_Cowl's H"",1.6,14.9,6.4,2.2,236.5,11.7,-86069.0,-4.0,""2026-07-19 06:23:00"",8.5,""2026-07-19 14:19:00"",1.4,19.0,""2026-07-19 09:23:00"",56.7,""2026-07-19 20:48:00"",-18.6,""2026-07-19 09:23:00"",-9.6,""2026-07-19 20:22:00"",-12.8,739.0,""2026-07-19 12:29:00"",174.3,15.1,0.0,0.0,0.0,0.0,0.0,-1.0,0.0,-1.0,696.5,""2026-07-19 22:52:00"",700.5,""2026-07-19 00:02:00"",698.6,-0.5,197.3,-81.3,""9865"",""CPU:AMR_CowlsHike_Job7181_V1R0_20260226.CRB"",""26192"",13.0,""3.279757"",5.6,809.0,7999.0,1.3,2.5,9.1,-3.7,20.2,31.1,""2026-07-19 14:46:00"",9.7,""2026-07-19 20:47:00"",37.4,70.9,""2026-07-19 14:19:00"",19.7,""2026-07-19 20:47:00"",1.0,16.9,37.4,70.9,""2026-07-19 14:19:00"",19.7,""2026-07-19 20:47:00"""
"2026-07-21 00:00:00,""Africa_Mountain_Cowl's H"",1.5,15.3,6.9,2.5,240.4,12.4,-86060.0,-2.3,""2026-07-20 07:09:00"",8.0,""2026-07-20 14:16:00"",1.4,17.3,""2026-07-20 13:38:00"",59.8,""2026-07-20 07:10:00"",-20.0,""2026-07-20 19:47:00"",-8.6,""2026-07-20 08:10:00"",-13.1,735.5,""2026-07-20 12:49:00"",172.3,14.9,0.0,0.0,0.0,0.0,0.0,-1.0,0.0,-1.0,695.4,""2026-07-20 05:01:00"",698.0,""2026-07-20 10:02:00"",697.2,-0.7,197.0,-81.2,""9865"",""CPU:AMR_CowlsHike_Job7181_V1R0_20260226.CRB"",""26192"",13.0,""3.298746"",5.4,559.6,7999.0,1.3,2.5,8.8,-3.9,20.1,32.2,""2026-07-20 14:16:00"",8.8,""2026-07-20 07:09:00"",38.6,71.6,""2026-07-20 13:46:00"",21.8,""2026-07-20 18:52:00"",1.0,17.9,38.6,71.6,""2026-07-20 13:46:00"",21.8,""2026-07-20 18:52:00"""
"2026-07-22 00:00:00,""Africa_Mountain_Cowl's H"",1.1,13.2,5.7,1.7,242.5,13.8,-86062.0,-3.1,""2026-07-21 23:38:00"",8.9,""2026-07-21 14:33:00"",1.4,18.9,""2026-07-21 15:08:00"",52.7,""2026-07-21 07:05:00"",-19.8,""2026-07-21 01:43:00"",-8.6,""2026-07-21 10:16:00"",-13.0,705.1,""2026-07-21 12:05:00"",180.1,15.6,0.0,0.0,0.0,0.0,0.0,-1.0,0.0,-1.0,697.4,""2026-07-21 01:31:00"",700.9,""2026-07-21 22:29:00"",699.3,-0.6,196.7,-81.0,""9865"",""CPU:AMR_CowlsHike_Job7181_V1R0_20260226.CRB"",""26192"",13.0,""3.285182"",5.3,871.0,7999.0,1.4,2.5,9.5,-3.3,20.5,32.5,""2026-07-21 14:39:00"",10.9,""2026-07-21 07:05:00"",35.8,71.8,""2026-07-21 14:32:00"",19.5,""2026-07-21 23:05:00"",1.0,18.9,35.8,71.8,""2026-07-21 14:32:00"",19.5,""2026-07-21 23:05:00"""
"2026-07-23 00:00:00,""Africa_Mountain_Cowl's H"",0.4,13.0,4.2,1.8,247.0,27.6,-86066.0,-2.3,""2026-07-22 04:23:00"",9.3,""2026-07-22 13:41:00"",3.0,24.5,""2026-07-22 14:59:00"",46.2,""2026-07-22 04:23:00"",-12.7,""2026-07-22 00:00:00"",-8.8,""2026-07-22 14:02:00"",-10.8,668.3,""2026-07-22 12:32:00"",174.6,15.1,0.0,0.0,0.0,0.0,0.0,-1.0,0.0,-1.0,700.5,""2026-07-22 00:58:00"",702.8,""2026-07-22 09:53:00"",701.6,0.9,196.5,-80.8,""9865"",""CPU:AMR_CowlsHike_Job7181_V1R0_20260226.CRB"",""26192"",13.1,""3.277044"",6.8,627.2,7999.0,1.6,2.5,9.4,-0.5,21.6,31.1,""2026-07-22 13:41:00"",13.2,""2026-07-22 04:23:00"",33.7,70.4,""2026-07-22 14:58:00"",23.1,""2026-07-22 19:42:00"",1.0,19.8,33.7,70.4,""2026-07-22 14:58:00"",23.1,""2026-07-22 19:42:00"""
"2026-07-24 00:00:00,""Africa_Mountain_Cowl's H"",0.6,22.4,7.0,3.8,276.4,24.2,-86066.0,-3.8,""2026-07-23 23:29:00"",6.1,""2026-07-23 14:14:00"",1.1,39.7,""2026-07-23 00:11:00"",89.2,""2026-07-23 21:57:00"",-9.8,""2026-07-23 00:02:00"",-0.5,""2026-07-23 10:20:00"",-4.5,919.9,""2026-07-23 12:13:00"",121.2,10.5,0.0,0.0,0.0,0.0,0.0,-1.0,0.0,-1.0,696.4,""2026-07-23 14:37:00"",701.6,""2026-07-23 00:00:00"",699.8,-1.2,196.2,-80.6,""9865"",""CPU:AMR_CowlsHike_Job7181_V1R0_20260226.CRB"",""26192"",13.0,""3.285182"",5.0,673.9,7999.0,0.9,2.5,5.1,-4.1,9.7,20.2,""2026-07-23 00:11:00"",-1.3,""2026-07-23 22:49:00"",29.2,60.1,""2026-07-23 14:17:00"",8.2,""2026-07-23 06:57:00"",1.0,20.8,29.2,60.1,""2026-07-23 14:17:00"",8.2,""2026-07-23 06:57:00"""
"2026-07-25 00:00:00,""Africa_Mountain_Cowl's H"",1.9,12.1,5.6,1.3,226.1,11.5,-86060.0,-4.6,""2026-07-24 02:30:00"",8.6,""2026-07-24 14:49:00"",0.8,7.9,""2026-07-24 14:20:00"",70.5,""2026-07-24 00:20:00"",-26.6,""2026-07-24 10:23:00"",-8.2,""2026-07-24 00:09:00"",-16.4,686.8,""2026-07-24 12:08:00"",187.1,16.2,0.0,0.0,0.0,0.0,0.0,-1.0,0.0,-1.0,699.1,""2026-07-24 01:38:00"",704.4,""2026-07-24 21:24:00"",701.7,-1.3,195.9,-80.4,""9865"",""CPU:AMR_CowlsHike_Job7181_V1R0_20260226.CRB"",""26192"",13.0,""3.296033"",4.9,636.7,7999.0,1.5,2.6,9.5,-4.0,21.4,35.6,""2026-07-24 14:18:00"",4.0,""2026-07-24 00:20:00"",36.6,75.5,""2026-07-24 14:20:00"",14.0,""2026-07-24 00:19:00"",1.0,21.8,36.6,75.5,""2026-07-24 14:20:00"",14.0,""2026-07-24 00:19:00"""
"2026-07-26 00:00:00,""Africa_Mountain_Cowl's H"",0.3,7.5,3.8,0.9,200.0,20.3,-86073.0,-1.4,""2026-07-25 00:00:00"",11.0,""2026-07-25 13:33:00"",4.1,15.2,""2026-07-25 19:29:00"",35.7,""2026-07-25 07:49:00"",-22.4,""2026-07-25 02:05:00"",-9.2,""2026-07-25 09:32:00"",-14.8,690.9,""2026-07-25 12:06:00"",187.5,16.2,0.0,0.0,0.0,0.0,0.0,-1.0,0.0,-1.0,703.3,""2026-07-25 04:44:00"",705.4,""2026-07-25 10:37:00"",704.5,2.3,195.6,-80.2,""9865"",""CPU:AMR_CowlsHike_Job7181_V1R0_20260226.CRB"",""26192"",13.1,""3.282469"",8.0,830.0,7999.0,1.9,2.6,9.5,1.0,26.4,34.7,""2026-07-25 13:21:00"",18.8,""2026-07-25 00:01:00"",37.4,74.3,""2026-07-25 13:26:00"",28.1,""2026-07-25 09:43:00"",1.0,22.8,37.4,74.3,""2026-07-25 13:26:00"",28.1,""2026-07-25 09:43:00"""
"2026-07-27 00:00:00,""Africa_Mountain_Cowl's H"",0.0,6.6,3.1,1.2,203.5,49.9,-86069.0,-0.6,""2026-07-26 07:05:00"",12.5,""2026-07-26 14:01:00"",5.2,7.2,""2026-07-26 12:29:00"",47.8,""2026-07-26 20:00:00"",-22.8,""2026-07-26 12:29:00"",-6.9,""2026-07-26 18:32:00"",-13.9,692.5,""2026-07-26 12:02:00"",188.4,16.3,0.0,0.0,0.0,0.0,0.0,-1.0,0.0,-1.0,702.3,""2026-07-26 23:45:00"",705.1,""2026-07-26 10:12:00"",703.8,3.7,195.2,-80.0,""9865"",""CPU:AMR_CowlsHike_Job7181_V1R0_20260226.CRB"",""26192"",13.2,""3.279757"",9.3,823.0,7999.0,2.0,2.6,9.6,2.8,26.6,39.5,""2026-07-26 13:25:00"",16.5,""2026-07-26 07:14:00"",36.2,79.3,""2026-07-26 13:26:00"",23.1,""2026-07-26 22:44:00"",1.0,23.8,36.2,79.3,""2026-07-26 13:26:00"",23.1,""2026-07-26 22:44:00"""
"2026-07-28 00:00:00,""Africa_Mountain_Cowl's H"",0.0,9.0,3.4,1.3,228.2,52.4,-86069.0,-0.5,""2026-07-27 23:30:00"",10.1,""2026-07-27 12:12:00"",3.9,14.3,""2026-07-27 13:21:00"",57.4,""2026-07-27 23:30:00"",-20.5,""2026-07-27 06:19:00"",-6.6,""2026-07-27 01:30:00"",-11.3,730.3,""2026-07-27 11:43:00"",183.1,15.8,0.0,0.0,0.0,0.0,0.0,-1.0,0.0,-1.0,699.5,""2026-07-27 14:23:00"",702.3,""2026-07-27 00:00:00"",700.6,2.3,194.9,-79.7,""9865"",""CPU:AMR_CowlsHike_Job7181_V1R0_20260226.CRB"",""26192"",13.2,""3.285182"",8.0,769.4,7999.0,1.8,2.6,9.5,1.1,23.0,34.9,""2026-07-27 13:39:00"",11.4,""2026-07-27 23:30:00"",33.2,74.5,""2026-07-27 13:43:00"",12.9,""2026-07-27 21:27:00"",1.0,24.8,33.2,74.5,""2026-07-27 13:43:00"",12.9,""2026-07-27 21:27:00"""
"2026-07-29 00:00:00,""Africa_Mountain_Cowl's H"",0.1,10.3,3.2,1.8,228.1,44.2,-86064.0,-2.7,""2026-07-28 20:45:00"",6.9,""2026-07-28 11:48:00"",0.7,36.0,""2026-07-28 09:38:00"",98.0,""2026-07-28 22:23:00"",-9.2,""2026-07-28 09:38:00"",-1.6,""2026-07-28 16:26:00"",-4.3,862.1,""2026-07-28 13:23:00"",112.4,9.7,0.0,0.0,0.0,0.0,0.0,-1.0,0.0,-1.0,699.3,""2026-07-28 04:36:00"",701.5,""2026-07-28 22:25:00"",700.5,-1.6,194.6,-79.5,""9865"",""CPU:AMR_CowlsHike_Job7181_V1R0_20260226.CRB"",""26192"",13.0,""3.282469"",4.6,819.0,7999.0,1.0,2.6,4.6,-2.3,8.0,24.3,""2026-07-28 10:05:00"",-3.2,""2026-07-28 20:45:00"",17.9,63.2,""2026-07-28 11:25:00"",-3.1,""2026-07-28 20:47:00"",1.0,25.8,17.9,63.2,""2026-07-28 11:25:00"",-3.1,""2026-07-28 20:47:00"""
"2026-07-30 00:00:00,""Africa_Mountain_Cowl's H"",1.2,25.1,6.1,1.9,275.3,22.2,-86060.0,-2.7,""2026-07-29 02:48:00"",0.2,""2026-07-29 11:30:00"",-1.4,90.0,""2026-07-29 10:39:00"",99.3,""2026-07-29 17:45:00"",-3.1,""2026-07-29 02:48:00"",-0.4,""2026-07-29 11:31:00"",-1.7,909.0,""2026-07-29 11:29:00"",85.8,7.4,1.4,0.0,0.0,0.0,0.0,-1.0,0.0,-1.0,697.0,""2026-07-29 17:20:00"",701.3,""2026-07-29 00:08:00"",699.4,-2.6,194.2,-79.3,""9865"",""CPU:AMR_CowlsHike_Job7181_V1R0_20260226.CRB"",""26192"",12.8,""3.282469"",3.6,723.8,7999.0,0.5,2.6,3.1,-7.1,-2.2,1.0,""2026-07-29 11:15:00"",-3.5,""2026-07-29 23:59:00"",14.2,40.9,""2026-07-29 11:15:00"",1.8,""2026-07-29 03:51:00"",0.5,0.0,9.3,40.6,""2026-07-29 10:45:00"",1.0,""2026-07-29 20:48:00"""
"2026-07-31 00:00:00,""Africa_Mountain_Cowl's H"",0.0,10.9,3.1,2.3,204.2,53.7,-86067.0,-8.5,""2026-07-30 07:12:00"",0.6,""2026-07-30 16:00:00"",-3.7,71.1,""2026-07-30 16:33:00"",97.9,""2026-07-30 22:07:00"",-9.5,""2026-07-30 07:12:00"",-0.8,""2026-07-30 13:38:00"",-4.8,714.2,""2026-07-30 12:08:00"",196.5,17.0,1.5,0.0,0.0,0.0,0.0,-1.0,0.0,-1.0,697.1,""2026-07-30 02:53:00"",701.3,""2026-07-30 23:19:00"",699.3,-3.1,193.9,-79.0,""9865"",""CPU:AMR_CowlsHike_Job7181_V1R0_20260226.CRB"",""26192"",13.0,""3.290608"",3.1,810.0,7999.0,1.4,2.6,9.6,-7.1,-2.7,7.8,""2026-07-30 16:34:00"",-7.7,""2026-07-30 07:13:00"",6.7,46.8,""2026-07-30 16:14:00"",-7.0,""2026-07-30 07:49:00"",0.5,0.0,3.2,21.6,""2026-07-30 11:10:00"",-3.9,""2026-07-30 07:49:00"""
